Índice de precios al consumidor con cobertura nacional. Resultados por región,,,,,,,,,,,,,,,,,,,,,,,,,,,,,,,,,,,,,,,,,,,,,,,,,,,,,,,,,,,,,,,,,,,,,,,,,,,,,,,,,,,,,,,,,,,,,,,,,,,,,,
Período de referencia: Diciembre 2016=100,,,,,,,,,,,,,,,,,,,,,,,,,,,,,,,,,,,,,,,,,,,,,,,,,,,,,,,,,,,,,,,,,,,,,,,,,,,,,,,,,,,,,,,,,,,,,,,,,,,,,,
,,,,,,,,,,,,,,,,,,,,,,,,,,,,,,,,,,,,,,,,,,,,,,,,,,,,,,,,,,,,,,,,,,,,,,,,,,,,,,,,,,,,,,,,,,,,,,,,,,,,,,
"Variaciones interanuales correspondientes a los meses de diciembre de 2017 a mayo de 2026. Resultados regionales según divisiones de la canasta, categorías, bienes y servicios",,,,,,,,,,,,,,,,,,,,,,,,,,,,,,,,,,,,,,,,,,,,,,,,,,,,,,,,,,,,,,,,,,,,,,,,,,,,,,,,,,,,,,,,,,,,,,,,,,,,,,
,,,,,,,,,,,,,,,,,,,,,,,,,,,,,,,,,,,,,,,,,,,,,,,,,,,,,,,,,,,,,,,,,,,,,,,,,,,,,,,,,,,,,,,,,,,,,,,,,,,,,,
Total nacional,2017-12-01 00:00:00,2018-01-01 00:00:00,2018-02-01 00:00:00,2018-03-01 00:00:00,2018-04-01 00:00:00,2018-05-01 00:00:00,2018-06-01 00:00:00,2018-07-01 00:00:00,2018-08-01 00:00:00,2018-09-01 00:00:00,2018-10-01 00:00:00,2018-11-01 00:00:00,2018-12-01 00:00:00,2019-01-01 00:00:00,2019-02-01 00:00:00,2019-03-01 00:00:00,2019-04-01 00:00:00,2019-05-01 00:00:00,2019-06-01 00:00:00,2019-07-01 00:00:00,2019-08-01 00:00:00,2019-09-01 00:00:00,2019-10-01 00:00:00,2019-11-01 00:00:00,2019-12-01 00:00:00,2020-01-01 00:00:00,2020-02-01 00:00:00,2020-03-01 00:00:00,2020-04-01 00:00:00,2020-05-01 00:00:00,2020-06-01 00:00:00,2020-07-01 00:00:00,2020-08-01 00:00:00,2020-09-01 00:00:00,2020-10-01 00:00:00,2020-11-01 00:00:00,2020-12-01 00:00:00,2021-01-01 00:00:00,2021-02-01 00:00:00,2021-03-01 00:00:00,2021-04-01 00:00:00,2021-05-01 00:00:00,2021-06-01 00:00:00,2021-07-01 00:00:00,2021-08-01 00:00:00,2021-09-01 00:00:00,2021-10-01 00:00:00,2021-11-01 00:00:00,2021-12-01 00:00:00,2022-01-01 00:00:00,2022-02-01 00:00:00,2022-03-01 00:00:00,2022-04-01 00:00:00,2022-05-01 00:00:00,2022-06-01 00:00:00,2022-07-01 00:00:00,2022-08-01 00:00:00,2022-09-01 00:00:00,2022-10-01 00:00:00,2022-11-01 00:00:00,2022-12-01 00:00:00,2023-01-01 00:00:00,2023-02-01 00:00:00,2023-03-01 00:00:00,2023-04-01 00:00:00,2023-05-01 00:00:00,2023-06-01 00:00:00,2023-07-01 00:00:00,2023-08-01 00:00:00,2023-09-01 00:00:00,2023-10-01 00:00:00,2023-11-01 00:00:00,2023-12-01 00:00:00,2024-01-01 00:00:00,2024-02-01 00:00:00,2024-03-01 00:00:00,2024-04-01 00:00:00,2024-05-01 00:00:00,2024-06-01 00:00:00,2024-07-01 00:00:00,2024-08-01 00:00:00,2024-09-01 00:00:00,2024-10-01 00:00:00,2024-11-01 00:00:00,2024-12-01 00:00:00,2025-01-01 00:00:00,2025-02-01 00:00:00,2025-03-01 00:00:00,2025-04-01 00:00:00,2025-05-01 00:00:00,2025-06-01 00:00:00,2025-07-01 00:00:00,2025-08-01 00:00:00,2025-09-01 00:00:00,2025-10-01 00:00:00,2025-11-01 00:00:00,2025-12-01 00:00:00,2026-01-01 00:00:00,2026-02-01 00:00:00,2026-03-01 00:00:00,2026-04-01 00:00:00,2026-05-01 00:00:00
,,,,,,,,,,,,,,,,,,,,,,,,,,,,,,,,,,,,,,,,,,,,,,,,,,,,,,,,,,,,,,,,,,,,,,,,,,,,,,,,,,,,,,,,,,,,,,,,,,,,,,
Nivel general y divisiones COICOP,,,,,,,,,,,,,,,,,,,,,,,,,,,,,,,,,,,,,,,,,,,,,,,,,,,,,,,,,,,,,,,,,,,,,,,,,,,,,,,,,,,,,,,,,,,,,,,,,,,,,,
,,,,,,,,,,,,,,,,,,,,,,,,,,,,,,,,,,,,,,,,,,,,,,,,,,,,,,,,,,,,,,,,,,,,,,,,,,,,,,,,,,,,,,,,,,,,,,,,,,,,,,
Nivel general,24.8,25,25.4,25.4,25.5,26.3,29.5,31.2,34.4,40.5,45.9,48.5,47.6,49.3,51.3,54.7,55.8,57.3,55.8,54.4,54.5,53.5,50.5,52.1,53.8,52.9,50.3,48.4,45.6,43.4,42.8,42.4,40.7,36.6,37.2,35.8,36.1,38.5,40.7,42.6,46.3,48.8,50.2,51.8,51.4,52.5,52.1,51.2,50.9,50.7,52.3,55.1,58,60.7,64,71,78.5,83,88,92.4,94.8,98.8,102.5,104.3,108.8,114.2,115.6,113.4,124.4,138.3,142.7,160.9,211.4,254.2,276.2,287.9,289.4,276.4,271.5,263.4,236.7,209,193,166,117.8,84.5,66.9,55.9,47.3,43.5,39.4,36.6,33.6,31.8,31.3,31.4,31.5,32.4,33.1,32.6,32.4,33.2
Alimentos y bebidas no alcohólicas,20.4,21.3,21.7,21.2,19.9,22.3,27.5,31,33.5,40.4,46.4,49.6,51.2,53,58.3,64,66.2,64.9,60.8,58.1,58.8,56.9,51.8,54.6,56.8,58.8,54.2,51.3,52.2,49.6,47.4,46,44.5,40.8,43.9,40.4,42.1,42.3,43.9,44.8,46.4,49.9,53.2,56.4,53.4,53.4,51.4,50.5,50.3,50.5,55.8,59.7,62.1,64.2,66.4,70.6,80,86.6,91.6,94.2,95,98.4,102.6,106.6,115,117.8,116.9,116.3,133.5,150.1,153.8,183.6,251.3,296.2,303.8,308.3,293,289.4,285.1,275.8,236.9,201.4,183.2,147.1,94.7,64.7,52,45.6,41.4,35.5,32.3,30.6,27.8,27.3,28.6,31.1,32.2,35.9,36,32.7,30.9,33.4
Bebidas alcohólicas y tabaco,23.7,25.4,22.3,20.8,19.5,19.4,19.7,19.3,19.3,23.7,22.9,27.2,28.3,29.7,30.5,34.9,34.5,35.3,37.7,35.3,39.4,41.1,46.4,47.7,50.2,51.5,50,48.3,48.8,45.8,47.3,48,43.7,41.7,36,32.7,33.1,33.2,36.3,41,44,46.2,48.6,51.2,52.2,54.6,55,52.2,55.1,51.1,49.7,48.8,48.4,54.4,56.2,61.2,69.1,74.8,80.3,89.7,92.9,103.3,108.4,113.4,114.3,119.9,115.3,120.6,123.6,127.9,137.4,149.5,180,215.9,253.2,266.3,272.3,266.3,257.7,248.1,230.7,203,184.1,164.4,125.4,90.7,64.2,47.4,43.7,35.5,36.4,29.4,29.9,29.1,28.4,24.9,25.2,24.1,23.3,24.9,23.8,24
Prendas de vestir y calzado,16.6,16.9,16.4,17.4,16.9,17.1,18.3,19.6,20.8,27.7,31.4,32.7,33.1,33.3,35.4,38.3,41.1,43.1,43.1,43.8,47.8,47.4,47,50.1,51.9,54.4,56.6,53.1,46.3,52.2,59.3,63.9,62.5,57,59.3,58.1,60,60.5,61.2,71.5,79.1,70,65,61.7,63.6,63.9,62.2,62.8,64.6,66.3,67.2,67.3,73.4,79.6,83.6,96.7,109,118,121.5,122.4,120.8,120.6,121.7,118.8,120.7,124.7,121.4,110.3,108.9,118.6,127.1,139.1,169.4,194.8,204.2,208.4,205,193.4,189.2,185.2,166.7,144.4,130,113,84.5,63.7,53.4,44.6,36.9,33.5,30.6,27.3,24.4,19.7,17.4,15.8,15.3,15.6,15.1,13.4,12.7,12
"Vivienda, agua, electricidad, gas y otros combustibles",55.6,54.9,52.5,48,51,47.2,48.5,47,52.8,53.3,65.2,66.7,45.7,48.7,52.4,55.8,48.5,55.5,55.6,57.4,51.5,51,41.4,40.6,39.4,36.1,28.7,26.9,23.2,18.7,16.6,15.3,15.5,15,15.5,16.6,17.6,18.1,19.8,19.8,23.9,26.3,28.2,30.6,29.1,29.6,29.8,29.4,28.3,29.1,30.1,38.3,39.8,41.8,47.8,50.3,56.8,58.6,66.3,76.8,80.4,91.5,95.2,93.1,95,110.6,113.2,112,119.2,130.6,131.3,128,149,162.8,201.5,220.5,311.6,277.3,298.9,306.6,298.8,294.6,285.8,276.4,248.2,217.7,174.2,149,87.1,86.9,69.2,62,55.4,49.3,45.6,44.2,41.6,40.2,44.3,45.5,47.8,48
Equipamiento y mantenimiento del hogar,17.4,17.6,19.1,23.5,23.7,23,26.4,28.6,31.3,42.6,47.7,51.6,50,52.5,54,52.9,58,59.6,58.6,56.1,60.5,57.2,63,58.2,63.7,57.4,56.3,55,50,49.4,50.4,52.3,48.6,41.9,37.1,41.7,37.7,43.6,47.1,47.5,52,51.3,50.1,48.4,48.2,49.5,47,45.2,46.6,47.1,46.9,48.7,50.4,54.8,58.9,70.7,79.2,83.6,87.5,92.5,97.2,101.2,102.4,105.2,111.3,118.1,122.3,113.9,125,139,152.1,168.9,231.7,285,304.3,301.3,293.4,273.4,253.7,244.7,215.1,187.2,166.2,140.3,85.7,54.2,41.2,36.4,29.3,27,26.5,24.2,20.2,19.6,18.5,18,19.3,19.5,21.4,21.1,23.5,23.5
Salud,27.8,27.1,26.6,25.8,25.8,26.7,30.2,29.6,31.5,34.2,40.1,46.1,50.2,51.9,53.1,56,58.7,63.1,61.9,64,65.8,71.8,70.5,71.6,72.1,63.9,59.6,58.7,55.1,49.2,47.3,44.6,40.7,34.4,32.4,29.1,28.7,35.7,39.8,41.7,45.2,50.5,52,54.4,57.1,58.4,60.9,59,51.8,52.9,53.1,54.5,58.5,60.7,67.2,72.1,74.6,74.7,78.6,81.5,90.9,92.3,95.4,96.9,97.2,102.5,104.7,108.9,127.8,139.1,134.7,161.2,227.7,276.3,305.8,330.8,341.1,307.3,292.8,281.3,244.5,225,220.2,184.4,119,86.2,67.3,51.8,42.6,45.5,41.9,35.6,32.4,31.1,28.9,28.2,28.2,28.2,28.7,29.7,29.7,29.5
Transporte,20.6,20.7,23.8,24.6,28.8,30,36.8,40.9,45,58.8,68.7,68.2,66.8,67.3,63.6,67.5,68,70.6,63.6,57.3,57.1,49,43.3,46,49.7,48.2,47.4,43.8,39.6,36.4,36.7,37.6,36.2,34.7,35.6,34.3,34.2,38.4,42.7,46.3,52.6,60,62.2,62.9,62.3,61.4,59.8,57.6,57.6,54.9,55,56.9,56.5,56.7,59,63.9,71,75.6,77.9,84.7,86.2,92,91.8,91.5,93.5,97.2,100.5,100.1,106.9,116.8,122.2,131.2,187.7,243,297.8,326.7,325.9,309.5,299.7,289.5,270.6,245.8,226.8,206.2,137.8,90.6,59.4,43.5,37.3,32.6,29.6,29.8,27.9,27.4,30.2,29.7,32,32.8,33.1,36.2,39.9,42.1
Comunicación,34.1,32.6,39,38.4,30.9,35.6,34.5,34,48.4,50,43.4,46.7,55.3,63.7,51.7,54.1,57.8,54.9,65.3,64.6,48.2,54.9,54.5,61,63.9,52.8,54.7,60.4,48.6,46.3,37.1,37.8,36.6,28.2,27.4,17.9,7.6,23.7,23.1,13.8,19.3,20.1,28,27.6,26.4,29.8,31.4,33.3,35.8,26.8,26.3,30.6,34.6,37.4,28.9,35.5,41.8,41.4,56.7,65.3,67.8,68.6,79.2,76.5,81,87.4,106.2,119.3,120.2,135.5,136.6,156.2,186.4,231.9,283.8,336.7,369.1,375.7,353.4,318.5,320,294.7,257.6,215.2,186.4,134.3,92.2,69.9,53,47.2,42.3,40.6,36.6,35.5,35.7,37.2,35,36.7,36.1,36.6,38.3,37.4
Recreación y cultura,22.8,23.1,23.6,23,22.2,24.3,25.6,27.4,30.7,35.9,37.9,40.8,43.4,43.5,45.2,46.3,48.1,48,48.5,46.8,48,49.1,48,48.8,48.5,50.6,50.6,51.4,50.1,50.2,50.9,50,48.8,40.9,41.7,44.1,48,47.8,47.9,52,50.8,51.8,49,48.7,49.2,52,54.1,48.8,47,46.2,46.2,43.4,48.7,51.7,54.8,70,72.1,74.6,77.3,82.1,83.2,91.6,98.8,100.8,105.2,111.4,115.7,111.9,125.1,146.3,154.8,176.9,218.2,262.1,270.4,285,283.6,270.1,267.2,248.9,224.2,187.6,170.7,146.3,110.7,74.1,65,52.3,47.8,43.8,39.5,38.4,34.2,33.1,31.5,30.8,30.5,28.6,27.9,32.3,28.5,29.8
Educación,31.5,31.3,29.7,33,30.3,29.3,29.6,30.8,30.8,28.1,29.7,30.8,32.1,32.1,31.8,36.5,37.5,40.8,41.5,41.9,42.8,41.9,41.2,45.7,47.1,47,46.7,46.1,41.8,36.7,34.9,32.2,30,29.1,27.2,22.4,20.1,20.1,18.6,29.7,34.9,38.6,39.6,43,48,52.1,54,54.6,56.1,56.4,60.4,54.3,56.2,57.7,59,64.6,65.8,66.6,76,81.1,86.3,86.9,87.8,96,98.5,101.7,110.7,110.8,118.1,127.6,126.5,136.4,141.7,141.2,157.1,204.1,214.5,222.6,220.1,214.2,208.2,197.2,188.5,180,169.4,168.6,150,99.2,88,77.9,74.4,70.6,64.2,62.2,59.5,55.1,52.3,52.4,50.7,38.9,41.3,42.7
Restaurantes y hoteles,22.1,21.9,22.4,23.3,23.7,24.9,26.6,26.9,29.1,34.6,36.9,37.9,39,40.1,42.2,45.8,48.4,48.1,47.9,48.1,49.8,49.1,48.3,49.3,50.3,50.9,50.1,46.9,43.3,42.4,42,40.6,38.2,33.6,34.7,34.6,36.3,37.9,41,42.4,45.7,48.8,50.1,54.3,55.9,59.5,60.6,63.4,65.4,65.8,64.1,67.8,73.4,76.7,81.9,90.6,97.5,99,105.2,106.3,108.8,109.9,116.4,121.4,126.6,134.5,134.7,129.7,142.2,161.6,164.9,181.3,219.1,258.8,270.9,272.4,263.6,251,250.9,247.7,224.2,196.7,184.4,163,126.3,99.5,83.6,76.1,70.9,66.8,60.2,54.6,52.5,48.7,45.8,44.2,42.2,40.6,41.6,41,39,37.3
Bienes y servicios varios,19.8,20.4,20.3,20.4,20.3,21.1,23.3,26.5,30.6,38.6,45.2,49.8,53.2,55.1,57.1,59,61,62.3,60.6,58.7,58,58.4,54.9,55.6,55.9,55.1,54.1,52.5,48.4,47.1,44.6,44,42.5,34.1,31.8,29,26.7,25.4,26.3,26.6,30.9,32.2,34.4,35.5,35.5,35.9,37.6,36.8,38.8,41.8,43.3,48,50.3,52.7,57.3,64.8,73.3,81.2,86.1,93,97.8,102.6,106.8,108.3,111,116.1,119.2,115.6,117,126.9,130.2,142.5,204.4,311.4,350.4,364.2,360.2,348.2,332.2,320.5,293.3,263.9,247.5,218.7,145.3,74.1,53.7,44.7,40.4,38.1,35.7,34,34,32.4,32,32.2,32.9,33.2,33.7,31.8,31.7,31.4
,,,,,,,,,,,,,,,,,,,,,,,,,,,,,,,,,,,,,,,,,,,,,,,,,,,,,,,,,,,,,,,,,,,,,,,,,,,,,,,,,,,,,,,,,,,,,,,,,,,,,,
Categorías ,,,,,,,,,,,,,,,,,,,,,,,,,,,,,,,,,,,,,,,,,,,,,,,,,,,,,,,,,,,,,,,,,,,,,,,,,,,,,,,,,,,,,,,,,,,,,,,,,,,,,,
Estacional,21.5,22.6,21,20.1,17.4,19.4,22.2,26.3,27.3,27.3,32.1,33.8,35.2,33.2,36.7,40.9,41.9,39.3,38.1,37.9,40.5,46.7,42,47.9,48.9,52.7,53.6,53.8,58.7,65.1,68.8,64.4,64.6,63.6,74.3,65.7,64.4,63.4,64.4,67.9,63.6,58.6,52.2,58.1,52.9,50.8,48.8,46.6,50.1,58.9,67,65.5,70.8,74,84.5,95.8,111.5,122.2,124.1,132.1,134.1,131.7,120.8,127.3,142.9,149.1,137.9,124.7,128.8,134.9,131.8,151.2,179,200.4,216,221.2,213.5,217,225.2,225.1,198.3,167.7,152.1,120.8,87.3,61.8,47.6,44,33.5,21.1,15.7,14.6,12,11.2,12.8,14.6,17,23.2,22.6,14.3,12.1,19.3
Núcleo,21.1,21.1,21.6,22.4,22.4,23.6,26.9,28.7,31.2,38.9,43.3,46.2,47.7,49.9,52.5,55.5,58,58.8,56.7,55.1,57.1,55.3,54.2,55.2,56.7,55.8,53.6,51.4,48.5,46.2,45.6,46.2,43.9,38.3,37.9,37.8,39.4,41.4,43.7,45.7,49.8,52.5,54.5,55.4,55.5,57,56.6,55.5,54.9,54,54.5,57.3,60.5,63.2,65.5,72.2,78.4,82.3,86.4,89.1,90.6,94.4,100.4,102,105.2,110.3,113.1,111.5,125.3,142.2,149.7,170.3,229.4,275.9,291.9,300,292.2,277.3,267.2,257.9,227.5,198.1,182,155.4,105.5,75,60.4,51.3,46.9,44.7,42,38.9,36.1,34.3,33.4,33.3,33.1,33.4,33.6,33.6,32.4,32
Regulados,38.7,39.1,40.2,37.7,39.3,38.4,41.2,41.6,48.2,52.5,61.1,63.2,53.5,55.4,54.5,58.9,55.9,61.1,60.9,59.7,53.5,51.5,43.9,45.3,48.2,44.9,40.1,37.9,32.6,27.7,25.2,23.6,22.3,20.6,20,16.9,14.8,19.3,21,22.5,27.6,32.6,35.8,37.1,37.2,38.6,39.2,39,37.7,34.6,35.8,40.9,41.5,44.1,46.9,51.9,59.7,62.1,70.9,79.7,85.7,93.5,97.3,97.1,98.9,105.3,109,112.6,116.6,124.4,122.7,130.8,164.9,213.1,260.7,293.4,344.1,323.6,327.1,317.5,308.3,294.1,279.5,257.1,205.9,148,109.5,83.1,57.4,53.3,45,42.2,37.8,35.3,35.2,34.3,34.2,34,36.5,39,43,44.5
,,,,,,,,,,,,,,,,,,,,,,,,,,,,,,,,,,,,,,,,,,,,,,,,,,,,,,,,,,,,,,,,,,,,,,,,,,,,,,,,,,,,,,,,,,,,,,,,,,,,,,
Bienes y servicios,,,,,,,,,,,,,,,,,,,,,,,,,,,,,,,,,,,,,,,,,,,,,,,,,,,,,,,,,,,,,,,,,,,,,,,,,,,,,,,,,,,,,,,,,,,,,,,,,,,,,,
Bienes,20.1,20.6,21,20.9,20.7,22.2,26.2,29.4,31.8,40.5,46.4,49.5,50.5,52,54.9,59.2,61.6,62.3,59.8,57.1,59.8,57.5,54,56.2,58.4,58.3,56,53.3,51.2,49.6,49.8,50.3,48,43.2,44.7,42.2,43,45.2,47.8,50.5,54,56.2,57,57.9,56.7,56.4,54.9,53.7,53.7,53.1,55.3,57.8,60.4,63.2,66,73.1,81.4,87.6,91.8,95.5,97.9,100.9,103.7,105.7,110.9,115,115.7,113.1,125.5,139.3,145.3,167,228.7,277.9,295.1,302.4,291.9,279.1,270.5,260.5,227.3,197,179.2,149.3,96.3,64.5,50.2,41.8,37,33.1,30.1,27.8,25.9,24.6,24.9,25.7,26.5,28.1,28.4,27.6,27.4,28.8
Servicios,34.2,33.8,34.4,34.1,34.8,34.3,35.8,34.9,39.4,40.9,45.3,46.7,42.8,44.8,45.2,47.2,46,48.8,49,49.6,45.7,46.6,44.2,44.6,45.7,42.9,40,39.2,35.1,32,29.7,27.8,26.9,23.8,22.6,22.8,22.2,24.9,26,26.9,30.4,33.1,35.5,38.2,39.3,42.9,44.8,44.7,44.2,44.5,44.9,48.1,51.9,54.2,58.4,65.2,70.7,71.5,78.4,84.3,86.8,93.3,98.7,100.2,103,111.4,114.8,114.1,120.8,134.3,135,144.7,165.5,193,226.1,250.4,283.3,270.3,275.3,272.6,263.9,244.3,233.1,215.5,189,152.4,121.3,99.2,76.1,72.4,63.6,58.5,52.4,49.2,46.7,44.6,43.1,42.1,43.4,43.7,43.1,42.8
,,,,,,,,,,,,,,,,,,,,,,,,,,,,,,,,,,,,,,,,,,,,,,,,,,,,,,,,,,,,,,,,,,,,,,,,,,,,,,,,,,,,,,,,,,,,,,,,,,,,,,
,,,,,,,,,,,,,,,,,,,,,,,,,,,,,,,,,,,,,,,,,,,,,,,,,,,,,,,,,,,,,,,,,,,,,,,,,,,,,,,,,,,,,,,,,,,,,,,,,,,,,,
,,,,,,,,,,,,,,,,,,,,,,,,,,,,,,,,,,,,,,,,,,,,,,,,,,,,,,,,,,,,,,,,,,,,,,,,,,,,,,,,,,,,,,,,,,,,,,,,,,,,,,
,,,,,,,,,,,,,,,,,,,,,,,,,,,,,,,,,,,,,,,,,,,,,,,,,,,,,,,,,,,,,,,,,,,,,,,,,,,,,,,,,,,,,,,,,,,,,,,,,,,,,,
Región GBA,2017-12-01 00:00:00,2018-01-01 00:00:00,2018-02-01 00:00:00,2018-03-01 00:00:00,2018-04-01 00:00:00,2018-05-01 00:00:00,2018-06-01 00:00:00,2018-07-01 00:00:00,2018-08-01 00:00:00,2018-09-01 00:00:00,2018-10-01 00:00:00,2018-11-01 00:00:00,2018-12-01 00:00:00,2019-01-01 00:00:00,2019-02-01 00:00:00,2019-03-01 00:00:00,2019-04-01 00:00:00,2019-05-01 00:00:00,2019-06-01 00:00:00,2019-07-01 00:00:00,2019-08-01 00:00:00,2019-09-01 00:00:00,2019-10-01 00:00:00,2019-11-01 00:00:00,2019-12-01 00:00:00,2020-01-01 00:00:00,2020-02-01 00:00:00,2020-03-01 00:00:00,2020-04-01 00:00:00,2020-05-01 00:00:00,2020-06-01 00:00:00,2020-07-01 00:00:00,2020-08-01 00:00:00,2020-09-01 00:00:00,2020-10-01 00:00:00,2020-11-01 00:00:00,2020-12-01 00:00:00,2021-01-01 00:00:00,2021-02-01 00:00:00,2021-03-01 00:00:00,2021-04-01 00:00:00,2021-05-01 00:00:00,2021-06-01 00:00:00,2021-07-01 00:00:00,2021-08-01 00:00:00,2021-09-01 00:00:00,2021-10-01 00:00:00,2021-11-01 00:00:00,2021-12-01 00:00:00,2022-01-01 00:00:00,2022-02-01 00:00:00,2022-03-01 00:00:00,2022-04-01 00:00:00,2022-05-01 00:00:00,2022-06-01 00:00:00,2022-07-01 00:00:00,2022-08-01 00:00:00,2022-09-01 00:00:00,2022-10-01 00:00:00,2022-11-01 00:00:00,2022-12-01 00:00:00,2023-01-01 00:00:00,2023-02-01 00:00:00,2023-03-01 00:00:00,2023-04-01 00:00:00,2023-05-01 00:00:00,2023-06-01 00:00:00,2023-07-01 00:00:00,2023-08-01 00:00:00,2023-09-01 00:00:00,2023-10-01 00:00:00,2023-11-01 00:00:00,2023-12-01 00:00:00,2024-01-01 00:00:00,2024-02-01 00:00:00,2024-03-01 00:00:00,2024-04-01 00:00:00,2024-05-01 00:00:00,2024-06-01 00:00:00,2024-07-01 00:00:00,2024-08-01 00:00:00,2024-09-01 00:00:00,2024-10-01 00:00:00,2024-11-01 00:00:00,2024-12-01 00:00:00,2025-01-01 00:00:00,2025-02-01 00:00:00,2025-03-01 00:00:00,2025-04-01 00:00:00,2025-05-01 00:00:00,2025-06-01 00:00:00,2025-07-01 00:00:00,2025-08-01 00:00:00,2025-09-01 00:00:00,2025-10-01 00:00:00,2025-11-01 00:00:00,2025-12-01 00:00:00,2026-01-01 00:00:00,2026-02-01 00:00:00,2026-03-26 00:00:00,2026-04-01 00:00:00,2026-05-01 00:00:00
,,,,,,,,,,,,,,,,,,,,,,,,,,,,,,,,,,,,,,,,,,,,,,,,,,,,,,,,,,,,,,,,,,,,,,,,,,,,,,,,,,,,,,,,,,,,,,,,,,,,,,
Nivel general y divisiones COICOP,,,,,,,,,,,,,,,,,,,,,,,,,,,,,,,,,,,,,,,,,,,,,,,,,,,,,,,,,,,,,,,,,,,,,,,,,,,,,,,,,,,,,,,,,,,,,,,,,,,,,,
,,,,,,,,,,,,,,,,,,,,,,,,,,,,,,,,,,,,,,,,,,,,,,,,,,,,,,,,,,,,,,,,,,,,,,,,,,,,,,,,,,,,,,,,,,,,,,,,,,,,,,
Nivel general,25,25.4,25.5,25.6,25.6,26.4,29.5,30.9,34.2,40.3,45.5,48,47.1,48.9,50.7,54.1,55.1,56.8,54.8,53.9,53.6,52.4,49.7,51.4,52.9,51.5,48.6,46.9,44.2,42.1,41.3,40.6,39.2,35.2,35.7,34.2,34.1,35.9,38.3,40.4,44.2,46.8,48.3,50.4,50.1,51.7,52,50.9,51.4,52.4,53.8,55.9,59,61.2,65,71.8,79.1,82.9,87.8,92.8,95.2,99,103.1,105.3,109.9,116.3,117,114.6,125.2,138.3,142.9,161.2,210.1,249.9,277.1,289.9,292.2,278.9,273.7,266.1,239.6,214,197.3,170.1,122.1,89.6,68.6,57,47.7,43.8,40.6,37.6,34.6,32.5,32,31.8,31.7,32.7,33.2,32.6,32.6,33.6
Alimentos y bebidas no alcohólicas,21.6,23.1,23.9,22,20.3,23.4,27.6,31,32.7,39.6,45.8,48.9,50.5,52.3,56.8,62.7,64.7,63,59.8,57.6,58.9,56.5,51.2,54.9,56.7,58,53.4,50.5,52.2,48.7,46.5,44.8,43.9,40.1,43.2,38.4,38.4,37.5,39.6,41.1,43.2,47.2,50.5,53.8,50.4,51.1,49.3,48.8,50.4,52.1,58.8,60.6,62.4,64.5,66.9,70.7,79.8,86.4,92.1,94.5,97.5,100.3,103.3,110.2,118.6,121.4,118.5,118.6,135.6,149,153.7,187.4,252.9,295.8,307.2,314.1,297.5,296.6,291.2,282.6,241.8,208.7,187.3,148.5,96,67,51.9,44.8,40.8,34.1,32.4,30.3,28.6,28.3,29.9,32.3,32.8,37,36.7,32.4,30.4,33.5
Bebidas alcohólicas y tabaco,24.1,26.1,22.2,21.1,19.7,19.2,19.9,19,18.8,23.1,22.2,26.9,27.8,29.9,30.7,35.2,35.2,36.2,38.5,36.5,41,43.1,48.5,49.3,51.8,52.9,51.2,49.8,49.7,46.5,47.7,48.3,44.2,42.2,36.4,32.5,32.2,31.7,34.8,38.8,42.7,44.4,47.3,50.2,50.7,53.2,52.2,50,53.4,49.7,48.4,48.1,47.5,53.8,55.6,60.1,68.7,74.6,81.3,89.9,92.7,104,109.2,113.5,113.8,118.9,113.8,118.3,118.4,121.3,131.6,144.6,176.2,209.6,248.5,262.1,268.8,266.2,258.1,250.5,236.6,210.3,191.5,171.6,131.7,97.1,67.7,50.6,47.3,38,39.2,31.2,31.7,30.7,28.9,25.5,25.8,24.3,23.6,24.9,23.7,24.4
Prendas de vestir y calzado,15.7,16.1,15.9,18.2,16.2,17.4,19.2,20.7,22.7,31.1,35.3,36.1,35.6,36.9,39.1,41.1,45.1,46.3,45,46,49.3,47.4,47,50.5,52.9,55.1,57.2,51,44.1,54.8,60.8,63,62.2,56.2,58.7,56.9,60.1,59.3,59.3,77.8,84,67.4,65.4,64.2,66.3,65.2,64.6,65.1,67.2,70.4,71.4,67.6,76.7,85.1,88,100.5,111.7,120.5,122.4,124.1,121.3,120.1,123.8,118,121.2,127.2,122.9,113,110.3,122.3,130.7,141.1,174.7,200.8,206.9,211.1,205.4,190.1,185.1,180.2,164.2,141.2,127.6,112.9,82.1,60.1,50.9,41.9,34.9,31.9,29.4,26.3,23.9,18.4,17,15.1,15,16,15.1,13.6,13.3,12.7
"Vivienda, agua, electricidad, gas y otros combustibles",54.7,52.3,47.4,45.7,48.6,44,46,42.5,50.9,50.7,60.5,60.6,41.4,45.7,48.7,52.6,47.9,55.1,53.2,56.8,46.7,47.9,40.8,41.8,39.1,36.3,28.7,26.7,22.8,18.9,16.7,14.5,15.6,15,15.3,16.2,17.8,17.4,18.6,17.4,22,25,26.8,30.8,31.2,31.6,32.5,31.6,29.6,32.1,32.5,42.2,43.1,43.3,50.8,52.4,56.2,57.7,65.6,80.2,83.2,95.6,99.7,95.8,100.3,117.8,117.4,115,128,138.4,140.3,129.3,152,155.4,200.1,221.6,321.3,284.5,300.4,305.7,285,284.5,269.5,265.4,236.7,214.8,164.1,139,73.1,74.5,62.9,55.8,50.1,44.4,41.1,39.5,37.2,37,40.7,41.5,45.5,43.9
Equipamiento y mantenimiento del hogar,17.7,18,19.7,24.3,24.4,23.6,26.7,29,31.7,43.6,48,52.3,50.1,52.3,53.3,52.4,57.4,58.9,58,54.9,59.7,56.2,63.4,57.7,64,56.8,56,54.1,49,48.3,50,53,49,42.5,37.3,42.6,37.7,44.1,48.5,48.7,54.2,53.2,51.4,48.9,48.3,49.6,46.9,45.3,47.5,48.7,47.8,49.4,50.7,55.3,59.8,71.9,81.2,85,87.6,92.7,98,100.6,102.1,105.2,111.7,118.1,122.6,113.5,124.8,137.2,153.5,169.4,231.5,281.6,299.4,295.4,286.5,267.2,246.1,237.1,207.2,182.3,160,134.7,80.3,51.6,39.5,34.9,28.3,26.2,26,24.1,20.1,19.8,19.1,18.9,21.1,21,23.2,23.1,25.5,25.1
Salud,27.2,27.8,27.1,26,26,27,31.5,30.2,33,35.4,42.2,45.4,49.8,50.3,51.6,54.4,56.8,61.8,58.6,60.8,61.3,66.3,64.3,68.1,68.6,61.2,55.9,55.6,52.3,45.5,43.7,40.7,36.6,30.6,28.1,25.2,24.5,31.5,35,36.9,40.9,47.1,48,49.8,53.3,56.1,61,58.9,50.9,53.3,53.5,55.7,59.4,60.7,69.7,76.4,79.1,77.6,80.4,82.3,91.7,92.8,97.1,97.3,98.3,102.1,103.3,105.7,124.6,133.5,128.9,160.9,223,269.2,302.5,329.3,340.3,307.5,294,285.2,246.6,231.4,227,186.8,125,91.4,69.7,53.6,44.3,47.7,43.9,37.6,34,32.3,29.3,28.4,28.4,27.9,28.3,29.7,29.4,29.8
Transporte,17.5,17.9,21.1,21.5,27.3,28.5,36.4,40.3,43.3,57.1,67,67.4,67.7,69.6,66.5,71.3,69.1,70.6,63.3,56.6,57.9,49.1,42.6,43.5,45.4,41.9,40.2,37.5,34.8,31.3,31.2,33.5,31.7,30.4,32.5,33.1,33.8,36.6,41.3,43.3,47.8,56.8,59,58.6,57.9,58.4,56.9,53.2,55.7,54.4,53.3,55.2,56.6,55.2,55.4,59.1,68.4,73,73.5,83,80.2,87.8,88.6,90,92.4,99,104.9,104.7,106.5,113.5,118.5,123.7,178.1,227.4,315.9,340.9,331.2,311.4,300.8,292.4,283.9,264.1,248.7,231.9,158.3,108.2,59.3,44.4,39.9,35.2,33.1,35,31.3,29.4,31.8,29.8,33,33.5,34,38,40.8,43.4
Comunicación,34.2,31.6,36.2,36,28.2,32.8,30.6,30.5,47.7,48.3,41.9,47.6,54,63.5,54.1,56.9,60.9,57.1,69.2,68.8,48.4,56.2,56,59.3,64.4,52.1,53.6,59.8,50.3,49.3,38.8,41.2,39.7,29.8,29,18.6,7.6,25.5,23.7,14.3,18.2,19.5,27.4,25.3,23.4,29.2,31.2,33.5,35.6,26.3,27.2,29.5,34.5,36.5,27.9,33.6,40.8,38.5,55.7,64.8,66.6,65.6,75.6,75.2,79.2,85,104.8,120.4,122.6,137,136.3,158.1,191.6,236.9,291,344.8,377.1,387.8,362.9,326.7,324.9,302.6,263.2,219,188.9,137.3,94.5,73.2,54.7,48.5,43.8,41.9,38.4,37.1,37.3,39.1,37.3,39,38.4,38.3,40.7,39.7
Recreación y cultura,21.5,22.2,22.5,22.2,20.8,22.1,23.1,25.1,26.8,32.6,34.8,40.4,43,42,45.1,44.6,46.3,47.4,46.3,45.4,51,50.5,50.6,48.6,49.2,52.6,50.4,54.1,52.2,52.9,55.7,52.9,50,42.7,43,46.7,49.6,48,50.5,50.7,51.7,52.6,47.9,50.3,51,52.3,55.7,48.9,48.4,49.3,47.5,45.9,50.3,52.3,57.4,71.8,73.9,76.5,77.3,83.2,82.2,91.5,99.1,101.3,103.9,113.2,114.9,112.8,125.9,147.2,158,180.5,226.5,266.3,277.8,296.3,295.2,279.1,278.3,255.2,228.6,191.4,174.2,147.9,113.9,77.2,67.4,53.7,47.6,41.3,38.9,37.6,33.2,33.5,31.1,31.4,29.3,27.1,25.5,29.8,28.4,30.9
Educación,29.7,29.3,25.6,35.1,30.8,28.7,29.6,31.6,32.3,28.6,31.3,32.2,35,35.3,36,39.5,40.1,47,47.9,47.9,47.8,45.8,43.6,52.8,55.3,56.5,54.7,57.8,52.8,42.3,38.6,34.9,33.8,32.9,31.3,22.6,18.2,17.7,16.8,26.6,33.4,39.8,41.9,48.3,53.2,58.4,59.9,59.7,62.3,62.4,65.6,55.5,56.1,57.2,59,65.1,64.2,63.8,78.4,84,91.1,91.1,95.2,99.2,103,106,115.4,113.9,125.5,140.3,133,147.9,151.3,151.5,177.4,227.1,236.2,248.7,242.9,229.6,221.1,202.5,191.5,175.6,163.6,162.3,131.9,83,71.7,60.4,58.4,56.3,48.5,47.9,46.3,44.7,41,41.4,40.9,34.5,39.4,42.5
Restaurantes y hoteles,22.7,22.6,22.6,23.1,23.3,24.5,26.3,26.9,28.9,35.3,36.5,38,38.7,38.8,41.2,45.1,47.7,47.7,46.3,46,47,45.7,45.8,46.2,48.1,49.4,49,45.8,42.1,41.3,41.2,39.6,37.4,32.2,33,33.5,35.9,38,41.4,42.4,44.9,49.2,50.4,56.1,56.9,61.9,63,67,68.1,68.3,66.2,71.2,77.1,78.3,84.9,94.9,102.8,101.4,109.1,108.1,110.4,109.5,116.2,119.7,123.6,132.1,132.3,122.9,136.6,159.3,161.2,178.8,217.9,258.1,265.2,265.6,262.8,251.3,253.2,253.8,228.4,200.4,187.2,163.2,125.1,99.3,84.8,78.1,72.1,67.7,59.7,53.6,51,45.8,43.9,43.1,40.3,39.7,40.8,40.1,37.8,36.5
Bienes y servicios varios,19.7,21,20.4,21.6,21,21.2,23.4,26.8,31.9,39.1,45.3,48.6,52.5,53.3,54.7,56.1,58,59.5,57.5,55.5,53.4,54.2,50.9,52,52.2,51.4,51.9,50.3,45.9,45.7,42.9,42.9,44.1,37,34.6,33.4,30.5,29,29.8,29.7,35.3,35.4,38.3,39.3,36.9,35.6,38.3,36.5,38.5,42.3,43.8,49.1,50.4,53.2,58.7,65.5,73.6,82.4,86.1,93.2,99.2,103.2,108.4,109,113,118.6,121,117.5,119.6,131.2,131.8,144.1,202,306,335.5,347.5,340.4,330.5,315.1,303.4,278.6,247.8,237.9,210.8,141.7,73.6,55.9,49,45.2,42.8,40.2,39.1,38.6,37,35.7,35.7,37.5,37,37.5,34.2,34.6,33.9
,,,,,,,,,,,,,,,,,,,,,,,,,,,,,,,,,,,,,,,,,,,,,,,,,,,,,,,,,,,,,,,,,,,,,,,,,,,,,,,,,,,,,,,,,,,,,,,,,,,,,,
Categorías ,,,,,,,,,,,,,,,,,,,,,,,,,,,,,,,,,,,,,,,,,,,,,,,,,,,,,,,,,,,,,,,,,,,,,,,,,,,,,,,,,,,,,,,,,,,,,,,,,,,,,,
Estacional,21.2,23.3,21.5,20.2,16.9,21.1,23.2,27.6,27.9,28.7,33.7,34.4,37,34.5,38,42.2,43.2,39.2,38.5,38.6,40.7,46.9,42,51.6,50.7,53.8,55.2,53.6,60.3,70.1,71.6,64.8,67.3,65.6,75.9,63.3,63.7,61.2,62.7,72.1,66.2,56.3,52.1,59.2,53.6,51.2,52.1,48.7,53.7,64.5,72.2,64.9,72.6,77.5,88.7,100,112.8,120.9,118.8,130.4,131.8,125.4,117,127.7,143.9,151.4,135.8,122.1,128.2,137,135.6,154.8,179.9,207.4,222.3,225.2,212.2,219.1,225,228.8,194.7,163.5,146.8,117.4,85.2,59.6,44.4,41.2,31.9,18.1,15.6,13.6,14.4,12.9,14.9,16.1,18.3,24.2,22.1,12.5,10.9,18.2
Núcleo,21.8,21.9,22.3,23.1,22.8,24,27.3,28.7,30.9,38.6,42.9,45.6,46.9,49,51.3,53.9,56.4,57.4,55,53.9,56.1,53.9,53.3,54,55.4,54.2,51.8,50.3,47.3,44.6,44.2,44.5,42.3,36.8,36.4,36.9,37.6,39.1,42,43.5,48,51.2,53,54.6,54.4,56.2,56,54.9,55.1,55.4,55.8,58.4,61.8,64,66.8,73.3,79.8,83.5,87.9,90.7,92.5,96.6,102.2,103.6,106.2,112,114.5,112.4,125.5,140.9,148.6,169.8,228.3,270.2,288.8,299.1,291.7,277.2,267.8,259.1,229.9,202.8,185.9,158.2,108,78.7,62.7,53,48.5,45.9,43.4,40.1,37,35,34.1,34,33.3,33.8,34,33.8,32.6,32.6
Regulados,36.4,36.5,36.4,35.2,36.8,35.1,38.5,38.5,46.3,49.9,57.8,60.6,51.6,54.5,54.2,59.2,56.4,61.9,60.5,59.7,51.8,50.4,43.4,44.7,47.1,43.8,38.1,36,31.2,26.8,24.3,23,21.6,19.8,19.1,15.9,13.6,17.6,18.5,19.6,24.5,30.3,33.1,34,35.5,38.2,39.4,39.4,38.1,36.3,37.5,42.7,42.5,43.5,46.8,51.7,59,60,69.2,78.8,83.3,91.3,96.9,96.9,101.3,109.6,114,117.9,122.2,129.1,126.5,133.1,163,204.9,272.3,303.6,358.5,332.1,331.5,319.2,310.2,299.5,285.1,264.8,219.8,161.8,107.7,81.6,54,51.4,45,43.2,37.6,34.9,34.1,32.7,33,33,35.5,38.2,42.9,43.9
,,,,,,,,,,,,,,,,,,,,,,,,,,,,,,,,,,,,,,,,,,,,,,,,,,,,,,,,,,,,,,,,,,,,,,,,,,,,,,,,,,,,,,,,,,,,,,,,,,,,,,
Bienes y servicios,,,,,,,,,,,,,,,,,,,,,,,,,,,,,,,,,,,,,,,,,,,,,,,,,,,,,,,,,,,,,,,,,,,,,,,,,,,,,,,,,,,,,,,,,,,,,,,,,,,,,,
Bienes,20,21,21.5,21,20.5,22.5,26.2,29.5,31.5,40.9,46.8,49.9,51,52.4,54.8,59.3,61.8,62.1,59.7,57,60.4,57.5,53.9,56.4,58.3,57.5,55.3,52.4,50.6,49.3,49.7,50,47.8,42.9,44.6,41.6,41.7,43.6,46.5,50.1,53.5,55.3,56,57.1,55.5,55.3,54,52.8,53.9,54.4,56.9,57.9,61,63.8,66.4,73.3,81.6,87.8,91.6,95.6,98.4,100.6,103.4,106.1,111.4,116,116.3,114,125.6,137.9,145.2,168.4,230.9,278.5,298,307.4,295.2,282.5,273,263.6,229.4,200.8,181.7,150.7,96.4,65.6,49.8,40.7,36.3,32.1,29.8,27.4,26.3,24.9,25.2,26.1,26.7,28.5,28.5,27.5,27.1,28.9
Servicios,32.3,31.7,31.1,32.2,32.8,31.8,34.2,32.8,38,39.4,43.6,45.3,41.9,44.3,45.4,47.3,46.5,49.9,48.4,49.6,44.6,45.2,43.6,44.2,45.2,43.1,39.3,39.1,35.3,31.9,29.4,27.5,26.7,23.6,22.2,22.7,22.4,24.1,25.6,25.5,29.5,33.3,35.6,39.2,40.9,45.4,48.3,47.6,47,48.7,48.1,52.3,55.3,56.4,62.3,69.1,74.4,73.7,80.7,87.7,89.2,96,102.3,103.6,107,116.8,118.3,115.7,124.5,139.1,138.4,147.2,169.7,195.6,236.7,255.9,286.2,271.9,274.9,271,259.7,240.6,229,211.2,183.6,148,111.4,93.2,70.9,67.3,61.1,56.7,49.7,46.1,43.7,41.7,40,39.6,40.8,41,41.6,41.3
,,,,,,,,,,,,,,,,,,,,,,,,,,,,,,,,,,,,,,,,,,,,,,,,,,,,,,,,,,,,,,,,,,,,,,,,,,,,,,,,,,,,,,,,,,,,,,,,,,,,,,
,,,,,,,,,,,,,,,,,,,,,,,,,,,,,,,,,,,,,,,,,,,,,,,,,,,,,,,,,,,,,,,,,,,,,,,,,,,,,,,,,,,,,,,,,,,,,,,,,,,,,,
,,,,,,,,,,,,,,,,,,,,,,,,,,,,,,,,,,,,,,,,,,,,,,,,,,,,,,,,,,,,,,,,,,,,,,,,,,,,,,,,,,,,,,,,,,,,,,,,,,,,,,
,,,,,,,,,,,,,,,,,,,,,,,,,,,,,,,,,,,,,,,,,,,,,,,,,,,,,,,,,,,,,,,,,,,,,,,,,,,,,,,,,,,,,,,,,,,,,,,,,,,,,,
Región Pampeana,2017-12-01 00:00:00,2018-01-01 00:00:00,2018-02-01 00:00:00,2018-03-01 00:00:00,2018-04-01 00:00:00,2018-05-01 00:00:00,2018-06-01 00:00:00,2018-07-01 00:00:00,2018-08-01 00:00:00,2018-09-01 00:00:00,2018-10-01 00:00:00,2018-11-01 00:00:00,2018-12-01 00:00:00,2019-01-01 00:00:00,2019-02-01 00:00:00,2019-03-01 00:00:00,2019-04-01 00:00:00,2019-05-01 00:00:00,2019-06-01 00:00:00,2019-07-01 00:00:00,2019-08-01 00:00:00,2019-09-01 00:00:00,2019-10-01 00:00:00,2019-11-01 00:00:00,2019-12-01 00:00:00,2020-01-01 00:00:00,2020-02-01 00:00:00,2020-03-01 00:00:00,2020-04-01 00:00:00,2020-05-01 00:00:00,2020-06-01 00:00:00,2020-07-01 00:00:00,2020-08-01 00:00:00,2020-09-01 00:00:00,2020-10-01 00:00:00,2020-11-01 00:00:00,2020-12-01 00:00:00,2021-01-01 00:00:00,2021-02-01 00:00:00,2021-03-01 00:00:00,2021-04-01 00:00:00,2021-05-01 00:00:00,2021-06-01 00:00:00,2021-07-01 00:00:00,2021-08-01 00:00:00,2021-09-01 00:00:00,2021-10-01 00:00:00,2021-11-01 00:00:00,2021-12-01 00:00:00,2022-01-01 00:00:00,2022-02-01 00:00:00,2022-03-01 00:00:00,2022-04-01 00:00:00,2022-05-01 00:00:00,2022-06-01 00:00:00,2022-07-01 00:00:00,2022-08-01 00:00:00,2022-09-01 00:00:00,2022-10-01 00:00:00,2022-11-01 00:00:00,2022-12-01 00:00:00,2023-01-01 00:00:00,2023-02-01 00:00:00,2023-03-01 00:00:00,2023-04-01 00:00:00,2023-05-01 00:00:00,2023-06-01 00:00:00,2023-07-01 00:00:00,2023-08-01 00:00:00,2023-09-01 00:00:00,2023-10-01 00:00:00,2023-11-01 00:00:00,2023-12-01 00:00:00,2024-01-01 00:00:00,2024-02-01 00:00:00,2024-03-01 00:00:00,2024-04-01 00:00:00,2024-05-01 00:00:00,2024-06-01 00:00:00,2024-07-01 00:00:00,2024-08-01 00:00:00,2024-09-01 00:00:00,2024-10-01 00:00:00,2024-11-01 00:00:00,2024-12-01 00:00:00,2025-01-01 00:00:00,2025-02-01 00:00:00,2025-03-01 00:00:00,2025-04-01 00:00:00,2025-05-01 00:00:00,2025-06-01 00:00:00,2025-07-01 00:00:00,2025-08-01 00:00:00,2025-09-01 00:00:00,2025-10-01 00:00:00,2025-11-01 00:00:00,2025-12-01 00:00:00,2026-01-01 00:00:00,2026-02-01 00:00:00,2026-03-26 00:00:00,2026-04-01 00:00:00,2026-05-01 00:00:00
,,,,,,,,,,,,,,,,,,,,,,,,,,,,,,,,,,,,,,,,,,,,,,,,,,,,,,,,,,,,,,,,,,,,,,,,,,,,,,,,,,,,,,,,,,,,,,,,,,,,,,
Nivel general y divisiones COICOP,,,,,,,,,,,,,,,,,,,,,,,,,,,,,,,,,,,,,,,,,,,,,,,,,,,,,,,,,,,,,,,,,,,,,,,,,,,,,,,,,,,,,,,,,,,,,,,,,,,,,,
,,,,,,,,,,,,,,,,,,,,,,,,,,,,,,,,,,,,,,,,,,,,,,,,,,,,,,,,,,,,,,,,,,,,,,,,,,,,,,,,,,,,,,,,,,,,,,,,,,,,,,
Nivel general,25,25.1,25.8,25.5,25.7,26.6,30,31.7,34.9,40.7,46.4,48.8,47.6,49.1,50.9,54.7,55.9,57.1,55.7,54.1,54.2,53.8,50.4,52.2,54.1,53.6,51.6,49.5,46.3,44.3,43.9,43.8,42.1,37.9,38.6,37.1,37.9,40.7,42.4,44.9,48.4,50.8,51.9,53,52.4,53.2,52.3,51.4,50.5,49.4,51.1,53.7,56.5,59.6,62.6,69.9,77.7,82.6,87.4,91.3,94.2,98.3,101.5,103.8,109,113.7,115.2,113.1,123.6,138,142.8,161.5,212.8,257.5,276.1,288.1,288.9,275.7,271.6,262.9,235.9,206.6,190.4,162.9,114.4,81.1,65.9,54.5,46,42.6,37.9,35.3,32.6,31.1,30.8,31,31.5,32.2,32.9,32.4,31.9,32.4
Alimentos y bebidas no alcohólicas,19.1,19.8,20,20.3,19.4,21.2,27.6,31.1,33.8,40.6,46.7,50.1,51.8,53.4,59.6,64.7,67.3,66.1,60.7,58,58.2,57.1,52.4,54.5,57,59.6,54.4,51.9,52.2,50.8,48.3,46.9,45.5,41.5,44.5,42.1,44.7,46.1,47.5,48.3,49.6,52.5,55.9,59,55.8,55.3,53.5,51.8,50.8,49.8,54.3,58.9,61.2,63.1,65.3,69.6,79.7,86.7,90.5,93.4,93.3,96.7,101.2,104.4,114.6,116.5,116.4,115.3,131.8,150.4,153.9,181.8,250.4,295.8,303.3,305.2,289,286.3,284.2,275.1,236.9,199.6,183.9,148.5,95.4,64.8,52.8,46.8,42,36.6,32.1,30.7,27.6,26.7,27.5,29.8,31.5,35,35.4,32.5,31.1,33.4
Bebidas alcohólicas y tabaco,23.7,25.2,22.6,20.6,19.5,19.6,19.6,19.1,19.8,24.3,23.5,27.1,28.1,28.9,29.7,34,33.4,34.3,36.9,34.4,37.9,39.1,44.1,46,48.6,50.1,48.6,46.4,47.4,44.4,45.9,46.7,42.3,40.5,35.4,32.6,33.2,34.1,37,42.8,44.9,47.7,49.6,52.1,53.7,55.9,57.3,53.7,56.7,52.4,50.9,49.2,49.4,54.1,56.7,62.7,70.1,75,80,90.7,94,103.3,108.7,113.7,114.9,122.2,117.2,122.7,127.3,133.2,141.8,153.2,183.2,222.5,259.9,273.4,278,269.5,260.8,249.2,229.9,201.8,182.2,161.2,122.4,86.8,62.2,45.6,41.8,34.1,34.9,28.6,29.2,28.4,28.1,24.7,25.2,24.3,23.1,24.9,23.5,23.7
Prendas de vestir y calzado,19.1,19.7,18.1,18.6,18.7,18.1,19.2,20,20.5,25.9,28.9,30.2,31.4,29.9,32.2,35.8,38,40.5,40.9,41.6,46.3,47,46.1,49.1,50.5,54.2,57.1,55.4,47.4,49.6,58.4,65.6,63.7,58.2,62,60.5,61.1,62.5,63.2,67.3,76.7,72.8,64.6,59.1,60.5,62.6,58.7,61.6,62.6,63.1,64.4,67.5,70.1,75.3,80.2,94.4,108.1,117.2,121.8,120.3,120.5,121.4,119.6,119.9,121.2,123.4,120.6,108.5,108.1,115.2,125.4,139.1,167.1,191.8,203.8,208.7,207.8,199.4,195.9,192.7,170.4,149.3,132.2,112.7,85.9,66.5,56,46.2,37.7,33.4,30.1,26.8,23.9,19.8,16.5,15.3,14.7,14.3,13.8,12,11.2,10.3
"Vivienda, agua, electricidad, gas y otros combustibles",56.4,56.6,58,51.8,53.4,50.2,50.9,51.8,54,52.8,68.8,71.8,46.3,48.9,51.2,56.1,48,53.6,55,54.8,53.7,52.2,39.2,37,36.8,33.7,28.6,26.9,22.8,19.3,17.6,17.2,16.8,16.4,16.8,18.5,19.3,20.1,21,21.7,24.9,27,28.8,29.8,25.8,26.2,25.5,25.1,24.7,24.1,26.7,32.6,34.9,37.1,41.7,43.8,52.5,53.8,61,68.8,73,84.3,87.7,90.4,90.4,107.1,106.2,105.6,109.8,121.4,123.4,123.8,143.7,162.6,185.9,208.1,296.7,265,296.9,301.4,298.2,291.7,284.5,273.5,248.1,216,186.3,153.3,93.2,90.6,71.6,67.5,62.4,57.1,53.4,51.5,47.8,43.5,46.8,47.7,48.2,48.7
Equipamiento y mantenimiento del hogar,18,18.1,19.3,24,24.2,23.4,27,29,31.3,42.4,47.6,50.6,49.4,52,53.9,52.7,57.7,59.3,58.5,56.4,60.5,57.3,62.5,58.7,63.5,57.7,56.7,55.4,50.8,50.5,50.4,51,47.7,40.6,36.1,40,36.7,42.2,44.5,45.3,49.2,48.9,48.3,47.7,47.8,49.1,46.8,45.3,46,46.1,47,48.7,50.5,54.8,58.9,70.4,78.6,83.5,88.5,93.7,97.8,102.8,102.6,104.9,110.7,117.5,121.4,112.8,122.7,137.6,148,164.2,229.3,282.8,305.8,305.9,299.1,278.7,259.6,252.2,223.9,193.6,174,148.6,91.5,58.3,43.6,38.1,30.4,28,27.1,24.5,20.7,20,18.4,17.4,17.9,18.6,20.3,20,22.6,22.8
Salud,29,27.2,27.1,26.4,26.3,26.8,29.7,29.1,30.6,33.4,39,46.4,49.9,52.1,53.3,56.2,59,63.6,63.7,65.9,68.4,75.8,74.8,74.4,75,66.4,62.6,61.7,57.3,51.4,50.3,47.2,43.5,36.6,34.8,31.1,31.1,38,42.1,44.4,48.3,53.1,54.4,57.5,60,60.4,61.6,59.7,52.6,53.2,53.4,53.6,58.1,61.2,66,69.9,72.2,72.2,77.2,80.8,90.8,92.5,95.4,98.2,97.7,103.1,105.8,110.6,129,142.3,138,160.1,228.8,278.3,305.2,330.6,340.8,306.9,291.6,280.3,245.3,223.1,216.3,184.8,116.8,83.9,66.6,50.4,40.8,44,40.8,33.9,30.9,30.1,29,28.3,28.2,28.6,29.1,30.2,30.6,29.9
Transporte,22.9,22.1,25.3,26.1,29.1,30.2,36.9,40.9,46,60.5,70.7,68.9,65.1,65.7,61,64.4,67.4,71.6,64.1,57.9,56.7,48.6,44,48.3,54.2,53.7,54.5,50,44.4,41.3,42.6,42.5,40.8,39.7,39.1,36,35.7,40.6,44.3,49.4,57.1,62.8,64.4,66.3,65.7,63.6,61.4,60.2,58.4,55.3,56.2,57.6,55.5,57.7,61.6,67.8,73.6,78,81.2,86.4,91,95.3,94.1,93.3,95,97.6,99.6,97.9,107.9,119.5,127.3,139.9,197.2,253.5,284,315.1,326.6,303.9,294.4,284.7,259.3,231.2,207.8,184.1,120.9,77.5,58.9,42.8,33.5,30.2,26.4,25,24.1,24.4,28.1,28.8,30.5,31.5,31.5,33.6,37.6,39.7
Comunicación,35.3,35.2,43.2,42.1,35.2,40.5,40,38.6,52.3,54.9,47.9,48.8,59.5,66.6,51.3,53.3,56.2,52.5,62,61.2,46.7,51.8,50.9,60.6,61.5,51.7,54.7,59.6,46.2,42.9,34.9,33.8,32.6,26.1,25.9,16.9,6.9,21,21.2,11.8,19,19.1,26.8,28.1,27.7,28,29.3,31.7,34.5,26.1,23.9,31.5,34.5,37.9,29,36.5,42.1,43.2,56.5,65,67.3,69.2,82.5,76.3,81.3,89.2,109.5,121.5,121.1,138.7,141.9,159.5,187.8,234.5,285.6,343.8,376.8,378,352.8,314,319.6,290.9,254.8,211.7,185.2,133.3,89.1,64.5,49.3,44.3,39.8,39.2,35,33.9,33.8,35.4,32.9,34.6,34.3,35.3,36.7,35.3
Recreación y cultura,23.6,23.2,24.2,22.5,22.6,27.1,28.7,29.9,37.2,41.1,42,41.6,44.2,44.9,45,49.2,50.4,47.9,49.8,46.8,41.8,45,42.9,46.8,45.4,47.7,49.5,46.3,46.7,44.5,44.7,45.4,46.7,37.5,40,42.1,49.9,50.2,48.2,59.2,54,57.2,54.3,50.6,50.9,56.1,56.4,51.4,46.5,43.1,44.3,38.5,46.2,49.8,51.3,69.8,70.3,72.6,77.2,79.9,81.8,89.9,97.1,97.1,105.1,109.7,116,109.6,123.3,144.2,148.7,174.2,209.8,260.7,266.5,283.8,273.9,261.1,259.8,243.7,224.5,185.8,170.2,144.3,108.4,69.2,63.3,49.4,49.8,48.4,40.3,40.8,36.1,33.7,33.4,33,35.2,32.9,33,38.6,30.3,30.3
Educación,31.9,33,34.8,32.3,30.4,30.5,30,30.8,29.5,27.1,27.9,28.8,28.8,27.5,26.1,32.3,33.6,34.4,35.4,35.8,36.8,36.5,37.2,39.1,39.7,39.4,39,37,32.6,31.3,30.1,28.7,25.6,24.7,22.6,20.1,19.7,19.8,18.1,34,39.2,39.6,40.1,40.9,46.6,50.2,52.9,54.9,55.4,56.5,60.6,55.7,59.1,61.9,62.7,66.8,69.9,72.4,78.3,84.1,88.7,91,87.4,96.2,99.5,102,109.9,111.7,112.7,116.7,121.7,125,130.2,127,130.3,183.5,190.3,191.9,191.4,190.7,186.5,183.7,173,174.5,166.9,166.6,165.3,107.2,97.6,89.6,86.7,82.5,76.3,72.1,69,60,58.5,58.8,56.4,38.5,39.3,40.4
Restaurantes y hoteles,22.9,22.3,23,23.5,24.7,26.3,27.5,26.6,29.1,32.8,36.3,36.9,38.4,39.7,42.5,46.4,48.5,47,48,48.2,50.4,51,48.8,50.2,50.4,50.7,50.7,47.3,43.4,42.4,42.1,41.5,39.5,36.2,37.9,37.3,37.9,38.9,40.6,42.3,46.5,48.1,49.6,52.2,54.8,56.8,58.3,60.4,62,62.5,59.1,62.4,68.3,73.8,77.1,85.4,90.6,93.9,98.8,101.7,105.6,108.5,115.9,122.3,127.5,136.9,140.2,139.7,149.3,166.6,170.4,186.2,222.3,263.4,281,283.7,271.2,255.4,251.4,241.9,220.9,194.2,181.4,160.3,126.2,98.7,81.9,73.1,67.8,64.3,58.1,53.5,52.3,49.4,46.6,45.3,44.7,42.7,44.1,44.1,42.2,39.2
Bienes y servicios varios,20.2,20.5,20.9,20,20.5,22.2,24.1,27,31.1,39.7,47,51.6,54.4,56.3,58.7,60.7,62.6,63.4,62.2,59.8,59.5,59,54.8,55.4,56.4,56.1,53.8,52.3,48.7,46.6,44.6,43.7,40.4,31.5,29.4,25.9,23.7,22.8,24,24.5,27.6,30.3,31.9,33.7,35.6,36.8,37.9,37.5,39.6,41.8,43.2,47.3,50.5,51.7,55,62.7,72,79.8,84.6,91.5,95,100.2,104,107.4,109.6,114.2,118.1,113.8,113,120.8,128,140.1,206.2,309.8,352.6,369.5,367,356,343,331,304.6,277.2,254.4,225.3,147.7,76.8,54.8,42.8,37.8,35,32.5,30.9,31,29.8,29.9,30.4,29.9,30.8,31.6,30.8,30.3,30.4
,,,,,,,,,,,,,,,,,,,,,,,,,,,,,,,,,,,,,,,,,,,,,,,,,,,,,,,,,,,,,,,,,,,,,,,,,,,,,,,,,,,,,,,,,,,,,,,,,,,,,,
Categorías ,,,,,,,,,,,,,,,,,,,,,,,,,,,,,,,,,,,,,,,,,,,,,,,,,,,,,,,,,,,,,,,,,,,,,,,,,,,,,,,,,,,,,,,,,,,,,,,,,,,,,,
Estacional,23.1,23.9,22.1,21.3,18.9,19.5,23,25.6,26.6,26,31,33.7,34.3,31.9,35.2,39.7,40.4,38,36.3,37.2,40.1,46,41,44.5,46.5,51.1,52.2,53.7,56.5,60.8,66,61.8,61.6,61,72.5,66.3,64.1,63.5,64.2,64.7,62.7,61.3,52.6,58.8,53.1,51.5,47.7,46,48.6,57.2,66.5,67.9,69.3,71.6,82.5,94.2,112.5,125.2,128,133.1,136.3,135.5,121.9,127.6,147.3,150.1,140.7,126.5,129.2,134.1,131.2,151.9,180.7,199.8,215,221.2,214.3,216.8,228.8,227.3,202.6,171.1,157.4,123.5,90.1,64,51.5,46.2,34.3,23.1,15.8,15.7,11.3,10.3,10.8,13.1,15.5,21.9,21.5,13.9,11.4,18.9
Núcleo,20.8,20.7,21.3,21.9,22.2,23.6,27.2,29.1,31.9,39.5,43.8,46.5,48,50.1,53.1,56.3,58.9,59.5,57.6,55.6,56.8,55.7,54.6,56.1,57.5,57,54.8,52.1,49,47.1,46.6,47.6,45.5,39.7,39.3,38.9,41.1,43.7,45.4,48.3,51.8,54.2,56,55.9,56.4,57.6,56.9,56,54.4,52.3,52.8,55.1,58.5,61.5,63.4,70.6,76.4,80.4,84.4,87.1,88.9,92.6,98.8,100.7,104.5,109.7,113.1,111.6,125.3,142.8,150.4,171,230.1,279.1,295.4,303.2,295.4,279.7,269.4,259.5,229.2,198.5,182.3,155.5,105.4,74.2,60.2,50.7,46.2,44.4,41.1,38,35.5,33.9,33,33,33.2,33.4,33.8,34,32.8,31.9
Regulados,41.1,41.2,43.9,40.5,41.6,40.9,43.7,44.4,49.9,53.6,64.3,65.5,53.6,55.5,52.7,57.7,54.9,59.5,59.9,58,53.5,51.7,42.6,44.4,47.9,44.9,42,39.6,33.5,28.9,26.2,24.5,23.1,21.4,20.7,17.6,15.7,20.3,22,23.9,29.5,33.9,37.4,39.2,37.9,38.4,38.4,38.1,36.7,33,34.5,39,40.2,44.2,46.7,51.3,60.1,62.9,71,79.3,86.3,94.6,97.2,98.1,97.9,102.9,104.4,108,111.3,119.7,120.3,128.9,166.9,219,247.3,284.3,334.6,314.7,322,311,299.7,282.5,264.2,241.8,186.5,130.9,106.3,78,53.6,49.5,41.3,39,36.6,34.9,36,35,35,33.8,36.1,38,41.3,43.1
,,,,,,,,,,,,,,,,,,,,,,,,,,,,,,,,,,,,,,,,,,,,,,,,,,,,,,,,,,,,,,,,,,,,,,,,,,,,,,,,,,,,,,,,,,,,,,,,,,,,,,
Bienes y servicios,,,,,,,,,,,,,,,,,,,,,,,,,,,,,,,,,,,,,,,,,,,,,,,,,,,,,,,,,,,,,,,,,,,,,,,,,,,,,,,,,,,,,,,,,,,,,,,,,,,,,,
Bienes,20.3,20.5,20.6,20.8,20.8,22,26.5,29.3,31.8,40,46.1,49.1,49.9,51.2,54.6,58.7,61.2,62.3,59.4,57.1,59.2,57.5,54.1,56.3,58.7,59.2,56.6,54.2,51.6,49.8,50.2,50.7,48.4,43.6,45.1,42.9,44.1,46.8,49.2,51.4,55.1,57.5,58,58.8,57.8,57.5,55.8,54.5,53.5,52.1,54.1,57.3,59.3,62.3,65.3,72.7,81.2,87.3,91.5,95.1,97.8,101,103.6,105.6,111.4,115,115.9,112.7,125.1,139.8,145.3,166.3,227.6,277,293.8,300.2,291.4,279,271.5,261.8,229,197.6,180.3,150.3,97.4,65.2,51.5,43,37.5,33.7,30.1,27.8,25.5,24.2,24.3,25.1,26,27.7,28.1,27.4,27.4,28.3
Servicios,36,35.6,37.8,36.2,36.7,37.1,37.9,37.1,41.6,42.3,47.1,48.2,42.9,44.7,43.6,46.7,45.4,46.5,48,47.8,44.1,45.8,42.5,43,44.2,41.5,40.7,39,34.4,32,30,28.5,27.7,24.4,23.4,23.3,23,26.1,25.9,29,31.8,33.9,36.1,38,38.4,41.5,42.6,42.9,42,41.6,42.7,43.5,48.5,51.7,54.6,61.6,67.1,68.5,75,79.9,83.3,90.3,95.1,98.3,101.4,109.6,113.2,114.2,118.9,132,134.8,145.8,164.7,195.1,218.9,249.2,280.9,265,272,266.3,259.1,237.9,225.3,207.8,183.4,145.7,123.3,96.9,74.9,72.8,63.1,59.1,54.6,52,50.1,48,47,44.6,45.6,46,43.8,43.2
,,,,,,,,,,,,,,,,,,,,,,,,,,,,,,,,,,,,,,,,,,,,,,,,,,,,,,,,,,,,,,,,,,,,,,,,,,,,,,,,,,,,,,,,,,,,,,,,,,,,,,
,,,,,,,,,,,,,,,,,,,,,,,,,,,,,,,,,,,,,,,,,,,,,,,,,,,,,,,,,,,,,,,,,,,,,,,,,,,,,,,,,,,,,,,,,,,,,,,,,,,,,,
,,,,,,,,,,,,,,,,,,,,,,,,,,,,,,,,,,,,,,,,,,,,,,,,,,,,,,,,,,,,,,,,,,,,,,,,,,,,,,,,,,,,,,,,,,,,,,,,,,,,,,
,,,,,,,,,,,,,,,,,,,,,,,,,,,,,,,,,,,,,,,,,,,,,,,,,,,,,,,,,,,,,,,,,,,,,,,,,,,,,,,,,,,,,,,,,,,,,,,,,,,,,,
Región Noroeste,2017-12-01 00:00:00,2018-01-01 00:00:00,2018-02-01 00:00:00,2018-03-01 00:00:00,2018-04-01 00:00:00,2018-05-01 00:00:00,2018-06-01 00:00:00,2018-07-01 00:00:00,2018-08-01 00:00:00,2018-09-01 00:00:00,2018-10-01 00:00:00,2018-11-01 00:00:00,2018-12-01 00:00:00,2019-01-01 00:00:00,2019-02-01 00:00:00,2019-03-01 00:00:00,2019-04-01 00:00:00,2019-05-01 00:00:00,2019-06-01 00:00:00,2019-07-01 00:00:00,2019-08-01 00:00:00,2019-09-01 00:00:00,2019-10-01 00:00:00,2019-11-01 00:00:00,2019-12-01 00:00:00,2020-01-01 00:00:00,2020-02-01 00:00:00,2020-03-01 00:00:00,2020-04-01 00:00:00,2020-05-01 00:00:00,2020-06-01 00:00:00,2020-07-01 00:00:00,2020-08-01 00:00:00,2020-09-01 00:00:00,2020-10-01 00:00:00,2020-11-01 00:00:00,2020-12-01 00:00:00,2021-01-01 00:00:00,2021-02-01 00:00:00,2021-03-01 00:00:00,2021-04-01 00:00:00,2021-05-01 00:00:00,2021-06-01 00:00:00,2021-07-01 00:00:00,2021-08-01 00:00:00,2021-09-01 00:00:00,2021-10-01 00:00:00,2021-11-01 00:00:00,2021-12-01 00:00:00,2022-01-01 00:00:00,2022-02-01 00:00:00,2022-03-01 00:00:00,2022-04-01 00:00:00,2022-05-01 00:00:00,2022-06-01 00:00:00,2022-07-01 00:00:00,2022-08-01 00:00:00,2022-09-01 00:00:00,2022-10-01 00:00:00,2022-11-01 00:00:00,2022-12-01 00:00:00,2023-01-01 00:00:00,2023-02-01 00:00:00,2023-03-01 00:00:00,2023-04-01 00:00:00,2023-05-01 00:00:00,2023-06-01 00:00:00,2023-07-01 00:00:00,2023-08-01 00:00:00,2023-09-01 00:00:00,2023-10-01 00:00:00,2023-11-01 00:00:00,2023-12-01 00:00:00,2024-01-01 00:00:00,2024-02-01 00:00:00,2024-03-01 00:00:00,2024-04-01 00:00:00,2024-05-01 00:00:00,2024-06-01 00:00:00,2024-07-01 00:00:00,2024-08-01 00:00:00,2024-09-01 00:00:00,2024-10-01 00:00:00,2024-11-01 00:00:00,2024-12-01 00:00:00,2025-01-01 00:00:00,2025-02-01 00:00:00,2025-03-01 00:00:00,2025-04-01 00:00:00,2025-05-01 00:00:00,2025-06-01 00:00:00,2025-07-01 00:00:00,2025-08-01 00:00:00,2025-09-01 00:00:00,2025-10-01 00:00:00,2025-11-01 00:00:00,2025-12-01 00:00:00,2026-01-01 00:00:00,2026-02-01 00:00:00,2026-03-26 00:00:00,2026-04-01 00:00:00,2026-05-01 00:00:00
,,,,,,,,,,,,,,,,,,,,,,,,,,,,,,,,,,,,,,,,,,,,,,,,,,,,,,,,,,,,,,,,,,,,,,,,,,,,,,,,,,,,,,,,,,,,,,,,,,,,,,
Nivel general y divisiones COICOP,,,,,,,,,,,,,,,,,,,,,,,,,,,,,,,,,,,,,,,,,,,,,,,,,,,,,,,,,,,,,,,,,,,,,,,,,,,,,,,,,,,,,,,,,,,,,,,,,,,,,,
,,,,,,,,,,,,,,,,,,,,,,,,,,,,,,,,,,,,,,,,,,,,,,,,,,,,,,,,,,,,,,,,,,,,,,,,,,,,,,,,,,,,,,,,,,,,,,,,,,,,,,
Nivel general,24.3,24.7,24.6,24.5,24.6,25.6,28.6,31.2,34.7,40.2,45,47.9,47.8,49.7,52.9,55.5,56.7,59.2,58.3,56.1,56.3,56.1,52.5,53.3,55.5,54.3,50.7,49.2,47.7,44.6,43.7,43.6,41.4,36.7,38.3,37.3,38.1,42.3,44.3,44.9,46.9,49.1,50.7,52,51.7,53.1,51.8,51.2,50.8,48.7,50.9,54.6,58.2,61.7,64.8,71.2,79.9,84.9,90.4,94,95.1,99.4,104.1,105.2,107.7,112.5,115.3,113.9,126,141,144.2,161.1,212.5,257.7,272.3,277.3,282.2,268.8,262.4,253.9,227,198.8,184.5,159.3,112.7,79.3,64.6,57.9,48.9,44.7,39.8,37.2,33.2,31.6,31.1,31.6,31.4,31.8,33,32.5,32.1,33.2
Alimentos y bebidas no alcohólicas,20.6,21.2,20,21.2,19.8,21.9,27.8,31.9,37.1,41.8,46.8,49.7,50.8,53.3,60.9,65.8,68.1,67,61.8,57.4,57.4,56.5,50.9,52.3,54.4,56.5,51.9,50.2,53.3,51,49.5,48.1,44.5,41,46.4,43.8,48.1,49.1,49.5,47.4,46.3,50.1,53.5,57,55,54.3,51.5,51.9,49.5,48.9,52.3,59.9,63.5,65.8,67.3,71.7,81.3,86,89.6,92.4,89.9,95,102.9,102.3,106.3,112.7,114.3,113.9,135.3,154.7,157.9,180.9,251.7,297,292.8,292.4,289.6,277.9,270.7,258.3,217.7,184.6,168.3,137.2,87.9,57.5,49.1,46.2,40.3,35.1,31.2,31,26.4,26,27.8,31.9,33.3,36,36.7,34.6,32.2,34.1
Bebidas alcohólicas y tabaco,21.5,22.7,20.4,19.1,18.1,18.1,18.7,19.7,19.1,23.5,23.2,28.6,29.7,31,31.5,36.4,35.6,36.1,38.6,35.2,39.4,41.2,46.4,47.3,49.7,50.9,49.5,47.6,48.8,46.5,48.3,49.9,44.8,42.6,36.3,34.1,35,35.9,39.2,44.1,46.5,48.6,50.4,53.4,55,57.3,59.1,55.2,57.5,52.5,50.8,49,49,55.6,56.2,60.3,67.8,73.8,78.1,86.3,90,100.7,104.7,111.6,113.9,117.9,116.8,122.2,129.3,134.9,143.1,155,185.9,217.5,249.1,261.4,265.2,257.2,245.3,237.1,215.2,185,168.2,151,111.8,81.2,59.7,42.5,38.4,31,32.4,25.8,26.1,25.9,26.7,23,24,23.6,22.1,24.5,23.8,23.7
Prendas de vestir y calzado,17.8,16.9,16.3,15.6,16.4,17.6,16.1,18.3,18.4,23.8,27.1,28.7,28.9,29.7,32.3,34.6,35.9,37.3,39.6,39.2,43.1,47.6,45.7,47.4,50.3,51.9,52.2,53.2,49.3,53.3,61,65.6,66.2,56.3,59.5,61.8,63,67,68.4,72.2,77.9,72,62.5,58.6,59.5,64.5,60.7,58.7,60.4,59.6,61,61.7,69.2,72.2,77.5,92.2,107.3,117.3,123.9,125.1,123.8,122,122.6,121.1,120.4,125.3,125.3,111.7,108.4,115.6,120.8,132,157.7,180.5,188.6,191.4,190.3,181.3,174.4,172.4,157.2,135.1,122.5,105.6,82.1,64,54.9,49.5,41.1,37,35.5,31.5,26.4,22.8,20.8,20.1,18.1,17.5,17.2,15.5,13.9,13
"Vivienda, agua, electricidad, gas y otros combustibles",63.7,68.3,62.5,47.4,51.2,49.5,51.5,50.5,58.8,61.4,71.5,73.9,55.1,57.2,64.9,65.1,52.8,69,71,71.3,64.6,61.9,52,48.9,50.4,43.5,28.7,26.4,22.8,9.4,6.8,6.7,7.3,7,7.8,8.1,7.1,13.5,18.9,20,24.9,26.8,31.6,31.7,29.1,30.4,30.4,32.8,33,26.9,26.4,31.5,32.3,43.1,49.3,54.4,66.4,67.1,77.9,83.6,87,96.4,101.4,100.6,99.2,98.8,118.2,116.6,109.7,130.2,121.4,124.5,138.5,170.7,235.2,237.4,326,290.7,292.5,304.1,350,340,344.8,324.1,305.5,251.6,183.4,174,111.5,115.5,82.5,74.6,54.2,43.3,39.6,41,37.4,33.7,42.1,44.4,47.5,49.6
Equipamiento y mantenimiento del hogar,16.5,17.7,19.3,22.2,22.3,21.3,24.8,26.8,29.9,40.7,46,49,48,50.1,51.9,51.4,57.6,59.5,59.5,56.1,61.6,58.1,63.4,59.4,65,58.7,57.2,56.1,50.7,49.8,50.8,53.3,47.7,40.1,35.3,41.7,37.1,42.6,47,47.4,49.3,49.2,48,45.9,46.5,49.7,46.9,43.1,44.2,45.2,44.3,46.2,50,54.7,58.4,70.3,78.9,81.9,86.9,90.7,97.4,101.1,103.4,107.3,113.1,120.8,125,117.2,131.3,145.2,156.7,178.3,235.8,295.8,315.3,305.1,296.3,272.9,254.5,247.3,212.9,186.4,166.2,137.7,86.8,52.7,39.4,36.5,29.3,27,26.5,23.2,18.9,18.7,17.4,17.2,18.1,18.4,20.3,19.8,21.6,22.4
Salud,25.6,24.2,24.6,23.2,23,24.7,26.5,27.1,28.2,31.4,35.5,45.7,49.4,53.7,54.8,60,63.6,64.8,67.9,67.8,70.7,79.3,79.3,76.8,77.3,67.8,64.1,60.1,57.3,53.9,51.5,50.1,47.4,39.4,38.2,34.5,34.8,43.3,47.6,49.1,50.9,55.7,57.6,60.2,61,60.8,60.1,57.3,52.1,49.1,50.7,53.1,56,57.7,62.3,65.1,68,71.5,76.1,81.1,89.4,91.6,93.1,93.7,95.1,103.3,106.7,114.3,133,146.4,141.9,163,235.9,287.1,310.8,331.4,340.1,306.3,291.3,272.4,239.5,213.5,210.3,176.5,108.8,78.8,63.2,50.7,42.3,44.5,39.8,34.4,30.9,30.6,28.7,28.9,29.1,28.7,29.3,29.3,29,27.9
Transporte,23,21.9,24.6,28.4,30.9,32.2,37.2,40.2,44.9,55.1,65.6,65.6,65.2,63,57.1,58.3,62.1,66.1,59.3,55.9,52.8,48.1,40.8,45,48.2,49.7,49.7,43.8,39.4,34.5,34.5,33.5,33.7,30.9,32.2,29.5,28.7,35.5,39.7,46.7,51.9,58.2,62.7,63.6,62.5,62.2,60.3,58.3,56.7,50.3,52.6,53.3,52.9,54,56.6,60.9,67.5,74.8,80.2,85,89.7,93.7,93.1,91.8,92.5,93.2,94.8,97.3,107,117.9,120.7,132.9,193.4,262.4,303.2,326.5,332.7,329.3,324.5,307.9,277.2,247.1,230.7,206.2,134.3,84.7,61.4,47.6,39.8,32,27.9,28.1,28.9,29.1,29.8,29.5,32.4,32.9,34.3,38.5,44,45.7
Comunicación,35.3,33.7,44.5,41.3,35.9,40.5,40.2,41.7,50.5,53.3,47.8,49,59,64.2,48.9,50,55.3,54.2,62.8,61.2,50.4,56.6,55.9,64.4,68.9,59,59.6,67.5,51,47.7,38.3,37.8,39,28.2,25.4,18.7,7.2,23.9,24.5,14.6,20.3,20.1,29,32.1,29.8,32.5,35.4,35,38.4,27.4,27.9,32.2,35.8,40.3,32.7,37.9,43.3,46.2,60.9,65.1,70.4,74.9,82.3,80.4,86.1,89.9,108.5,118.4,118.3,134.2,135.4,157.7,184.1,227.1,271.7,310.5,341.2,348.2,326.8,297.9,300.5,269.8,235.4,200.7,173.6,122.3,88.6,68.4,53.8,49.2,42.3,40.2,34.7,35.5,36.9,37,33.1,34.3,33.5,35.5,34.7,33.9
Recreación y cultura,24.7,24.2,25.5,28.9,29.5,29,29.4,30.9,31,37.9,41.7,41.8,44,44.4,46.6,42.6,44.9,47.4,51.4,51.4,52.8,51.2,49.4,49.8,52.2,51.5,51.5,54.2,51.3,52.3,47.9,50,47.4,43.2,39.5,40.6,40.2,43.4,43.5,42.6,43.1,42,42.4,40.4,43.8,45.2,51.4,48.8,47.7,45.3,47.5,48.4,52.9,60.8,61.9,72.4,77,78.1,82.2,85.4,90.4,97.5,110.1,112.4,108.9,104.6,111.6,109.7,115.9,139.6,147.3,163.6,198.2,239.2,231.6,236.7,261.3,253.6,248.2,242.5,218.6,182.3,162.8,151.9,114.7,79.7,67.8,59.6,48.9,46.6,43.2,36.8,35.8,35.7,34.1,27.8,25.9,26.4,25.3,30.1,26.3,27.8
Educación,39.7,39.8,37,29.3,30.2,29.5,29.8,30.4,30.8,30.3,30.1,33.9,34.3,33.5,35.4,41.4,41.4,41.2,41.1,42.7,44.2,43.6,45.2,42.8,42.8,42.8,43,33.8,32.7,32,36.8,34.8,32,31.8,30.4,28.7,28.8,31.7,29.3,39.9,41.2,42.2,37.1,36.2,43.9,46.9,48,48.9,48.4,47.1,53.5,44,47.8,47.8,49.1,54.2,51.9,54.3,58.4,59.9,61.1,59,55.4,90.4,86.9,92.4,100.8,105.7,117.2,122.1,127.2,134.4,150,153.9,154,205.9,218.5,217.1,228.8,226.6,218,210.2,214.2,215.4,202.5,200.5,201.3,126.3,115.8,115.5,106.4,97.4,95.8,97.4,86.7,80.1,76.5,76.1,74.5,56.3,56.3,53.9
Restaurantes y hoteles,18.6,19.3,21,22.3,21.9,21.4,24.1,27.3,28.5,35.5,37.4,39.7,42.9,45.4,45.6,47.5,51.5,54.7,57,56.1,58.5,55.9,54.6,56.3,55.8,53.4,53.2,52.1,49.4,46.8,44.1,41.7,38.7,31.7,33.6,33.7,35.1,39.9,42,43.5,45.6,49.5,50.5,54.4,56.7,62.1,60.5,60.3,67.3,65,69,70.2,73.9,77.2,85.4,89.4,96.3,101,108.3,110.7,107.7,114.6,116.7,123.1,132.2,138.1,129.6,130.8,147.9,160.6,165.9,179.9,216,248.4,265.9,264.8,250.3,239.8,245.8,242.2,212.9,189.5,179.9,166.5,129.9,102.3,85,81.5,77.1,67.4,61,56.5,56.6,54.4,49.3,42.8,40.1,36.7,37.3,34.3,34.8,37.5
Bienes y servicios varios,17.4,17.1,17.3,16.4,17.3,18.5,22.1,25.5,27.3,36.2,42.5,48.3,51.3,55.5,58.6,61.6,64.3,65.5,63.5,62,65.7,66.4,63.6,64.4,63.8,60.3,59.2,57.7,52.3,52.6,48.5,48.7,43.3,33,30.6,26.6,25.7,25.5,25,25.7,29.5,29.6,31.8,31.3,32.8,35.1,36.3,36.6,38.8,42.6,45.2,47.7,51.9,54.5,61,68.8,76.9,82.8,89.1,95.5,101.2,102.9,105.2,108.1,105.7,111.9,115.7,112.4,115,126.1,132.1,144.5,204.6,331.7,383.7,388.7,386.3,364.6,341.4,332.8,299.4,272.4,246.8,216.4,143.1,65.3,43.3,36.2,33.8,33.3,31.4,27.6,29.1,25.8,26.2,26.8,26.8,26.6,26.7,26.5,25.5,25.4
,,,,,,,,,,,,,,,,,,,,,,,,,,,,,,,,,,,,,,,,,,,,,,,,,,,,,,,,,,,,,,,,,,,,,,,,,,,,,,,,,,,,,,,,,,,,,,,,,,,,,,
Categorías ,,,,,,,,,,,,,,,,,,,,,,,,,,,,,,,,,,,,,,,,,,,,,,,,,,,,,,,,,,,,,,,,,,,,,,,,,,,,,,,,,,,,,,,,,,,,,,,,,,,,,,
Estacional,22.2,21.9,19.5,19.4,17.1,18.1,20.5,27.4,32.1,28.1,31.1,31.3,32.7,32.9,39.6,42.2,43,43.4,41.5,36.3,38.3,46.5,41,44.9,47.3,51.1,48.8,54.2,61.7,62.7,68.4,67.5,62.8,64,80.7,74.9,72.3,73.4,70.6,64.8,57.8,57,48.5,53.3,49.7,47.4,39.6,41.7,42.5,49.2,59.1,62,70.5,71,80.2,91.3,111.3,124.7,133.1,137.1,140,143.4,129.6,127.3,132.1,145.2,143.3,131.9,133.2,131.3,124.2,139.8,168,174.9,191.9,199.8,208.7,207.4,210.8,202.3,188.5,165.2,150,115.7,83.2,60.1,47.7,50.3,35.3,21.6,13.7,13.7,5.4,7.2,10.2,15.9,18.5,26,27.3,19.9,17,24.8
Núcleo,20,20.2,20.4,21.4,21.4,22.4,25.9,28.2,30.7,38.2,42.8,46.4,47.8,50.3,54,57,59.8,60.5,59.2,57.2,59.1,57.9,55.6,55.8,57.6,56.4,54,51.8,50.3,48.8,47.3,47.8,45.2,38.4,38.3,38.4,41,44.4,46.3,47.2,49.5,52,54.6,55.1,55.5,57.6,57.3,55.7,54.9,52.6,53.6,57.8,61,64.4,66.4,72.5,79.7,83.3,86.9,89.7,89.7,93.2,101.6,103.2,106,110.2,112.6,111.9,128,147.4,154.8,174,234.7,287.5,293.2,293.2,288.1,272.3,261.3,251.9,216.3,185.3,170.4,147.4,99.1,67.8,55.9,50.1,45.3,43,40.7,37.9,35.8,34.2,33.2,32.7,32.3,31.9,32.3,32,30.9,30.7
Regulados,42.5,43.6,43.7,38.4,40.4,41,43.2,43.6,50,55.1,61.5,63.7,56.9,58,57.1,58.5,55.1,63.6,64.5,63.4,57.9,55.6,49.1,50,53,49.3,41.7,38.6,32.8,23.6,21.7,20.2,19.6,17.7,17.1,14.7,12.1,19.6,23.6,26,31.1,34.3,38.1,39.6,39.1,40.5,40.7,40.9,40.8,33.1,34.2,36.9,38.1,44.3,47.6,51.5,58.7,62.6,72.7,79.1,84.1,90.3,92.9,95.2,93.9,94.8,103.5,107.3,109.8,120.9,116.9,125.1,157.2,211.8,258.2,280.2,331.3,317.2,319.2,314.1,320.6,304.1,296.1,272.3,223.2,161.7,124.3,102,74.9,69.9,55.4,51.7,43.2,39.1,37.4,37.4,36.1,34.4,38.7,41.6,45.4,47.2
,,,,,,,,,,,,,,,,,,,,,,,,,,,,,,,,,,,,,,,,,,,,,,,,,,,,,,,,,,,,,,,,,,,,,,,,,,,,,,,,,,,,,,,,,,,,,,,,,,,,,,
Bienes y servicios,,,,,,,,,,,,,,,,,,,,,,,,,,,,,,,,,,,,,,,,,,,,,,,,,,,,,,,,,,,,,,,,,,,,,,,,,,,,,,,,,,,,,,,,,,,,,,,,,,,,,,
Bienes,20.3,20.5,20.2,20.7,20.2,21.8,25.6,29.1,32.6,39.5,44.7,48.1,48.8,51,55.2,59,61.5,62,59.9,56.6,57.8,57.3,52.9,54.2,56.5,56.4,53.4,52,51.9,50.1,49.8,50.3,47.5,41.8,44.4,42.9,44.9,48,49.9,50.5,52,54.6,55.7,56.7,56.2,56.9,54.9,53.9,53,51.6,54,57.9,61.5,64.1,67.1,73.7,82.9,88.9,93.2,96.5,97.6,101.4,105.8,106.6,109.8,115.3,116.6,114.6,128.8,143.8,148.5,167.3,226.3,276.8,286.3,288.3,282.1,267.7,258.8,247.9,214.4,184.2,168.8,141.9,93.3,61.1,49.5,44.5,39.1,34.8,31.7,29.9,26.8,25.7,25.9,27.3,27.6,28.4,28.9,28.1,27.7,29.1
Servicios,36.4,37.1,37.7,34.9,36.7,35.9,37.1,36.9,40.3,42.2,45.7,47.2,45,46.4,46.9,46.8,45.2,52.2,54.1,54.7,52.5,52.9,51.2,50.7,52.5,48.6,43.4,41.5,36.4,30,27.8,26,25.1,22.7,21.4,21.3,19.2,25.9,28,28.6,31.2,32.4,35.3,37.3,37.6,40.8,41.8,42,43,38.7,40.2,43.5,46.6,53.1,56.5,62,69.1,70.7,80.4,84.8,86.1,92.1,97.4,99.8,99.8,101.6,110,111.2,115,129.8,127.8,137.6,158.8,184.2,217.5,234.6,282.8,273.2,276.2,277.2,278.5,259.9,250.8,234.8,207.6,172.1,136.9,118.7,88.5,84.3,69.9,63.2,55,51.2,47.8,45,43.3,41.9,45.2,45.7,45.2,45.3
,,,,,,,,,,,,,,,,,,,,,,,,,,,,,,,,,,,,,,,,,,,,,,,,,,,,,,,,,,,,,,,,,,,,,,,,,,,,,,,,,,,,,,,,,,,,,,,,,,,,,,
,,,,,,,,,,,,,,,,,,,,,,,,,,,,,,,,,,,,,,,,,,,,,,,,,,,,,,,,,,,,,,,,,,,,,,,,,,,,,,,,,,,,,,,,,,,,,,,,,,,,,,
,,,,,,,,,,,,,,,,,,,,,,,,,,,,,,,,,,,,,,,,,,,,,,,,,,,,,,,,,,,,,,,,,,,,,,,,,,,,,,,,,,,,,,,,,,,,,,,,,,,,,,
,,,,,,,,,,,,,,,,,,,,,,,,,,,,,,,,,,,,,,,,,,,,,,,,,,,,,,,,,,,,,,,,,,,,,,,,,,,,,,,,,,,,,,,,,,,,,,,,,,,,,,
Región Noreste,2017-12-01 00:00:00,2018-01-01 00:00:00,2018-02-01 00:00:00,2018-03-01 00:00:00,2018-04-01 00:00:00,2018-05-01 00:00:00,2018-06-01 00:00:00,2018-07-01 00:00:00,2018-08-01 00:00:00,2018-09-01 00:00:00,2018-10-01 00:00:00,2018-11-01 00:00:00,2018-12-01 00:00:00,2019-01-01 00:00:00,2019-02-01 00:00:00,2019-03-01 00:00:00,2019-04-01 00:00:00,2019-05-01 00:00:00,2019-06-01 00:00:00,2019-07-01 00:00:00,2019-08-01 00:00:00,2019-09-01 00:00:00,2019-10-01 00:00:00,2019-11-01 00:00:00,2019-12-01 00:00:00,2020-01-01 00:00:00,2020-02-01 00:00:00,2020-03-01 00:00:00,2020-04-01 00:00:00,2020-05-01 00:00:00,2020-06-01 00:00:00,2020-07-01 00:00:00,2020-08-01 00:00:00,2020-09-01 00:00:00,2020-10-01 00:00:00,2020-11-01 00:00:00,2020-12-01 00:00:00,2021-01-01 00:00:00,2021-02-01 00:00:00,2021-03-01 00:00:00,2021-04-01 00:00:00,2021-05-01 00:00:00,2021-06-01 00:00:00,2021-07-01 00:00:00,2021-08-01 00:00:00,2021-09-01 00:00:00,2021-10-01 00:00:00,2021-11-01 00:00:00,2021-12-01 00:00:00,2022-01-01 00:00:00,2022-02-01 00:00:00,2022-03-01 00:00:00,2022-04-01 00:00:00,2022-05-01 00:00:00,2022-06-01 00:00:00,2022-07-01 00:00:00,2022-08-01 00:00:00,2022-09-01 00:00:00,2022-10-01 00:00:00,2022-11-01 00:00:00,2022-12-01 00:00:00,2023-01-01 00:00:00,2023-02-01 00:00:00,2023-03-01 00:00:00,2023-04-01 00:00:00,2023-05-01 00:00:00,2023-06-01 00:00:00,2023-07-01 00:00:00,2023-08-01 00:00:00,2023-09-01 00:00:00,2023-10-01 00:00:00,2023-11-01 00:00:00,2023-12-01 00:00:00,2024-01-01 00:00:00,2024-02-01 00:00:00,2024-03-01 00:00:00,2024-04-01 00:00:00,2024-05-01 00:00:00,2024-06-01 00:00:00,2024-07-01 00:00:00,2024-08-01 00:00:00,2024-09-01 00:00:00,2024-10-01 00:00:00,2024-11-01 00:00:00,2024-12-01 00:00:00,2025-01-01 00:00:00,2025-02-01 00:00:00,2025-03-01 00:00:00,2025-04-01 00:00:00,2025-05-01 00:00:00,2025-06-01 00:00:00,2025-07-01 00:00:00,2025-08-01 00:00:00,2025-09-01 00:00:00,2025-10-01 00:00:00,2025-11-01 00:00:00,2025-12-01 00:00:00,2026-01-01 00:00:00,2026-02-01 00:00:00,2026-03-26 00:00:00,2026-04-01 00:00:00,2026-05-01 00:00:00
,,,,,,,,,,,,,,,,,,,,,,,,,,,,,,,,,,,,,,,,,,,,,,,,,,,,,,,,,,,,,,,,,,,,,,,,,,,,,,,,,,,,,,,,,,,,,,,,,,,,,,
Nivel general y divisiones COICOP,,,,,,,,,,,,,,,,,,,,,,,,,,,,,,,,,,,,,,,,,,,,,,,,,,,,,,,,,,,,,,,,,,,,,,,,,,,,,,,,,,,,,,,,,,,,,,,,,,,,,,
,,,,,,,,,,,,,,,,,,,,,,,,,,,,,,,,,,,,,,,,,,,,,,,,,,,,,,,,,,,,,,,,,,,,,,,,,,,,,,,,,,,,,,,,,,,,,,,,,,,,,,
Nivel general,22.3,22.7,23,23,23.5,24.3,26.4,29.1,32.7,40.6,45.2,47.4,47.8,49.9,53.5,57.6,58.9,59.3,59,56.6,57.3,55.7,53.3,55.2,57.6,57,53.6,51.1,49.1,47.5,46.6,47.1,44.1,40.3,41,40.1,42.2,43.9,46.1,45.9,48.8,51,51.8,52.9,53.5,52.7,52.3,51.3,49.7,48.4,50,55.7,58.6,61.8,65.1,72.2,80.4,87.5,92.4,95.3,96,100.2,105.5,103.6,108.1,112.1,115.5,113.1,126.1,139,141.6,160.8,219.5,261.4,271.9,286.2,278.9,266.4,258.7,253.1,222.8,195.1,181.8,154.2,103.9,74.8,60.6,50.1,45,41.6,37.1,33.3,29.9,28,27.5,28.3,28.8,30.5,32.1,33.4,33.5,35.3
Alimentos y bebidas no alcohólicas,20.5,20.2,20.7,21.7,20.6,22.6,25.8,29.6,33.8,41,46.9,49.2,50.9,53.4,58.2,64.1,67,65.2,62.9,59.7,60.8,58.8,53.4,55.8,58.2,62.5,58.9,54.3,54.2,51.2,49.9,49.6,46.3,43.3,46.5,44.8,52,51.3,52.5,52.4,52.3,55.9,57.4,59.6,58.1,56.2,54.2,53.1,48.6,46.2,49.8,56.5,60.9,64.5,67.3,73,82.4,90.2,95.2,96.9,92.6,97.9,104.4,102.8,109.3,110.7,114.1,111.5,131.4,149.2,149.1,175.4,248.7,287.2,283.3,288,270.7,262.2,253,243.4,207.3,173.4,161.5,128.5,78.7,53.7,45.2,41.8,39.4,35.8,31.6,30,25.3,24.7,26,29.8,32.6,36.5,38.9,37.3,36.3,38.2
Bebidas alcohólicas y tabaco,26.1,27.7,25.6,24,22.4,23.2,21.4,21.5,21.5,26,25.1,28.5,29.8,30.2,31.3,34.5,33.4,31.8,33.8,31.9,35.6,36.1,40.3,42.6,45.2,47.2,45.6,44.4,46.3,43.2,47.8,47.1,43,41.4,36.4,32.9,36,37.1,39,43.6,46.7,49.8,51.7,53.4,56.9,58.6,61.1,60.9,61.5,57.7,59.1,56.4,54.7,64.9,63.1,69.7,73.8,82.9,87.5,94.3,95.8,105.4,110.2,119.2,123.8,125.8,123.8,129.4,140.7,141.5,149.4,161.3,192.9,228,258.4,263.2,263.9,252,241.1,230.3,206,180.1,162.3,144.3,109.3,79.4,55.3,41.2,37,31.4,31.6,25.7,23.9,23.4,24.1,20.4,19.9,18.8,20.4,23.4,22.6,21.8
Prendas de vestir y calzado,13.2,13.7,12.1,9.9,12.1,10.7,11.9,13.8,16.1,24,28.4,27.1,28.4,30,35,40.6,43.4,43.8,45.3,45,49.6,48.8,50.7,55.4,57.5,56.2,55.6,54.3,51.3,54.5,55.3,62.6,55.6,51.4,50.6,51.4,54.8,54.4,56.8,55.8,61.9,63.7,61.6,57.5,66.1,63.6,66.3,63.9,62.7,65.2,64.3,70.7,75.1,72.4,79.8,91.3,101.6,114.1,116.4,117.2,115.5,117.6,120.7,116.8,118,125.5,120.4,109,111,114.6,118.9,136.7,169.7,189,206.1,206.5,202.6,187.8,189.2,188.9,164.2,146,134.2,115.9,84.6,68.3,51.6,44.7,38,37.2,33,28.7,25.4,22.9,19,15.4,14.3,14.5,15,16.8,15.8,14.7
"Vivienda, agua, electricidad, gas y otros combustibles",43,48.8,50.4,39.7,49.6,49.7,48.7,48.7,54,62.2,64.3,63.3,49.5,51.1,60.6,66.6,53.5,59.1,62,61.4,55.3,51.4,49.2,49.9,51.3,43.6,31.2,27.6,27.3,22.4,19.2,18.8,18.4,15.8,18.1,19.5,19.1,18.8,19.7,19.6,24,26.5,27.7,28.9,30.6,32.5,31.3,31.5,31.5,33.6,35.1,52.8,53.8,57.4,60.6,66.5,74.9,88.1,98.6,106.4,111.8,113.1,118.4,99.5,97.3,111,133.2,135.2,133.5,130.1,127.6,126.9,159.5,200,223.1,251.1,279,255.3,268.8,314.4,305.2,301.4,304.9,287.7,233.1,193.6,166.4,136.9,113.6,105,76.9,51.8,49.3,42.2,35.4,34.9,36.5,42.1,43.1,54.1,56.4,67.4
Equipamiento y mantenimiento del hogar,15.1,14.1,15.5,17.9,17.4,17.3,20.7,22.3,25.8,36.6,44.6,49.4,48,50.9,54,53.4,59.2,60.9,61.1,59.6,65.5,61.4,62.1,57.3,63.8,58.9,57.7,57,52.6,53.6,59.4,59.8,54.3,50.6,47.3,52.2,47.6,52.5,54.5,54.9,58.1,54.5,48.6,48.6,49.1,46.3,42.9,40.6,41.8,42.2,43,44.1,45.9,51.5,54.5,66.9,74.8,80.5,84.4,88.5,95.3,101.7,106.9,110.6,116.2,123.4,127.9,119.5,134.9,154,165.9,184.3,252.9,296.1,301.7,298.6,288.7,271.2,255.7,241.5,205.6,173.8,155.4,132.4,77.9,51,40.1,34.4,27.9,25,22.3,20.5,16.6,14.9,13,12.2,12.7,12.7,14.6,15,16.3,16.4
Salud,25.7,24.8,24.3,23.8,23.1,23.6,28.2,29.7,30.3,36.3,40.5,49.6,53.6,57.5,57.4,60.2,63.9,67.8,66.1,68.5,71.8,75,76.7,74.1,75.1,64.9,62.8,61.8,58.9,55,52.2,49.7,46.7,41.6,38.1,35.6,36,43.5,51.3,51,52,54.1,57.3,60,60.9,59.1,60.1,58.7,53.1,52.7,50.4,52.9,57.7,61,64.5,68,71,74,77.6,80.6,88.2,89.5,89.2,91.2,92.4,101.4,104.8,110.4,135.5,142.6,138.5,165.3,232.5,287.4,318.7,338.2,341.9,302.4,287.1,273.9,229.3,215.8,213.3,175.2,112.2,78.1,60.9,48.6,40.6,42.6,39.9,32.9,31,28.2,27.1,26.3,26.3,26.7,27.1,26.9,27.4,27
Transporte,21.9,25.4,27.7,31.3,34.2,33.8,37.6,42.8,48.5,63.1,71.1,70.6,70.9,67.1,68.6,69.8,70.5,72.7,67.9,57.3,56,48.5,44.2,48.4,52.8,53.7,50.9,49.4,45.5,43.5,41.9,43.9,43.9,40.2,40,37.6,34.1,40.4,44.5,45.2,53.3,57.9,61.4,62.1,60.7,60.2,60.3,60,59.4,54.5,55.9,61.8,58.8,60.6,66.8,70.4,78.3,83,87,88.6,94.2,98.4,100.8,95.4,97.7,97.7,95.9,97,102.9,117.3,119.2,131.3,198.3,249.7,269.7,339.4,333.1,330.1,313.1,300.6,273.5,240.2,219.4,196,131.7,94.8,74.9,40.8,37.6,30.6,29.4,29.2,28,28.4,31.9,32.9,28.5,26,27.1,29.6,34.8,36.3
Comunicación,31,30.8,36.9,35.9,28.5,31.7,32.3,32.7,43.2,45.5,39.9,42,51.6,60.2,48.7,51.9,53.2,53.6,61.5,60.8,49.9,56.8,57.2,65.2,65.3,53.5,55,59.4,47,43.1,36.4,36.5,35.6,28.5,27.1,18.5,11.2,24.8,26.1,18.8,25.8,27.2,33.7,34.4,32.3,34.6,36,36.6,38.4,31.4,29.2,33,36.3,37.9,32.5,39.5,45.7,44.8,59.6,67.7,70.4,69.9,82.1,76.8,81,88.9,101.3,109.4,115.2,128.7,130.4,153.3,189.6,241.5,286.1,335.2,377.3,379.8,363.9,335.5,328.9,300.4,262.1,217.4,181.7,127.2,88.5,67.8,49,43.6,38.1,35.5,31.5,31.5,32.3,33.7,30.6,32.7,32,33.1,34.9,34.9
Recreación y cultura,23,21.7,20.4,22.8,20.2,23,22.1,23.6,22.6,29.3,33.9,37.9,41.2,42.7,45.1,45.7,48.8,46.7,50.5,49,52.4,54,50.9,53.1,50.4,49.9,52.3,54.4,52.8,59.2,58.2,58,54.2,47.9,47.6,49.6,50.6,51.8,49.7,46.6,47.5,44.5,43.8,44.9,46.6,45.8,47.1,41.7,42.3,41,42.7,44.4,46.7,49.1,50,62.1,66,67.7,68.7,75.7,82.4,90.4,96.1,100.5,104.6,107.7,113.5,110.9,125.9,146.1,164.7,180.2,223.2,265.9,276.9,288,288.7,278.1,271,251.4,226.1,201.3,175.1,150.8,110.2,75.6,61.7,50.7,45.6,42.9,38.1,36.5,31.2,25.9,25.6,24.6,24.5,24.5,26.6,26.8,25.3,26.1
Educación,33.4,33,25.8,32.4,31.7,32.1,32.4,32.1,32.3,30.3,28.3,28.3,29.7,34,31.1,35.1,41,42.3,41.9,43.5,48.1,49.6,52.8,52.7,51.4,44.1,52.5,45.5,38,36.9,36.7,34.2,30,28.2,25.6,25.9,25.5,26,21.1,28,36.5,36,37.1,37.2,37,39.9,39.9,39.5,40.5,41.1,48.6,51.3,46.7,51.9,51.5,56.7,61.6,61.2,62,63.2,63.8,63.1,75,71,72,71.5,92.4,97.6,99.4,107.5,111.9,113.6,120.3,128.7,147.5,163.2,189.7,208.4,189.5,209.5,206.7,197.9,193.9,192.7,183.6,184.1,154.3,142.3,121.6,104.2,96.2,80.8,77.6,75,73.3,73,67.7,62.1,47.6,45.5,41.6,40.8
Restaurantes y hoteles,19.8,16.2,15,15.4,16.4,16.2,18.7,21.4,26.2,34.1,36.8,37.7,36.9,41,43,46.7,53.7,51.4,51.1,51.7,50.5,51.5,50.5,51.6,55.2,58.6,51.3,49,43.5,44.1,43.8,42.9,40.8,35.5,35.4,35.7,39.1,36.6,45.2,46.1,47.7,48.7,48.7,52,52.7,53.1,57.9,61.6,66.3,67.7,65.4,66.5,73.4,81.2,85.7,92.9,102.5,105.5,110,108.5,104.9,103.7,114.5,120.1,134,133.4,130.8,127.7,138.9,156.7,162.8,178.8,224.3,271.8,274.1,278,248.3,235,237.2,227.4,209.5,182.2,170.4,153.4,109.7,83.8,65.3,57.6,57.7,58.8,56.9,57,53.4,49.4,45.8,44.1,44.7,43.3,47.3,49.4,44,43.8
Bienes y servicios varios,21.4,20.5,21.4,20.6,18.9,18.6,19.7,23.5,25.7,33.6,39.3,46,51.6,55.9,60.4,64.7,65.6,67,66.3,64.6,65.2,66.5,64.6,65.1,64.6,62.9,57.5,55.8,54.2,51.6,50.1,47.3,44.5,35.2,33.5,28,24.8,23.3,25.2,25.3,29.5,31.8,32.5,34.5,34.9,37.7,37,37.8,39.8,41.2,42.9,47,48.5,51.8,55.9,66.4,76.2,83,89.9,94.6,97.5,106.6,111.7,112,114.1,120.5,125.5,117.9,124.4,133.7,135.2,150.7,234.2,336.1,367.5,383.3,378,355.3,329.4,322,282.5,250.6,237.1,206.7,124.4,61.7,45,36.9,33.1,31.4,31.4,28.4,28,26.5,26.2,26,26.5,28.1,27.9,26.8,26.3,27
,,,,,,,,,,,,,,,,,,,,,,,,,,,,,,,,,,,,,,,,,,,,,,,,,,,,,,,,,,,,,,,,,,,,,,,,,,,,,,,,,,,,,,,,,,,,,,,,,,,,,,
Categorías ,,,,,,,,,,,,,,,,,,,,,,,,,,,,,,,,,,,,,,,,,,,,,,,,,,,,,,,,,,,,,,,,,,,,,,,,,,,,,,,,,,,,,,,,,,,,,,,,,,,,,,
Estacional,17.5,17.1,15.6,15.3,13.5,13.9,16.5,20.6,23.6,25.5,29.8,30.1,32.4,32.2,36.2,42.3,45,42.4,43.1,42.9,46.8,51.8,50.1,51.1,55.7,59.3,57.3,58.1,63.5,65.7,68.3,68.4,62.7,61.8,69.8,69.5,67.3,65,67.1,62.2,54.9,57.9,51.3,54.4,54.2,47.9,44.4,42.3,42,46.9,54.4,61.2,68.5,67.6,76.9,85.6,102.2,121.4,130.5,134.9,135.3,144.5,133.3,128.1,134.9,142.5,139,128.9,132.2,130.1,120,139.1,180.7,184.9,207.1,213.6,217.2,211.1,215.4,213.2,195.7,172.1,160.2,126.6,84.1,61.2,43.2,42.2,31.3,22,13.4,11.2,4.5,5.8,6.5,10.7,11.4,20.7,24,18.8,17.5,25.4
Núcleo,20.5,19.8,19.9,20.7,20.6,21.8,24.2,26.5,29.6,38.1,43.6,46.6,48.2,51.2,54.8,58.5,61.3,60.9,60,57.9,60.2,58.3,55.7,57.5,59,59.3,56.9,53.6,51.1,49.8,49.1,50.1,46.4,41.8,41.5,40.9,45,46.3,48.6,49.4,52.8,54.5,55.9,56.6,57.3,57,57,56.1,54,51.9,52.8,56.9,59.7,63.5,65.9,73.2,79.8,84.3,87,88.6,87.9,91.4,99,100.1,104.9,108.4,111.5,109,126.2,144,150.7,172.6,237.1,284.8,289.6,295.2,280.2,264.7,252.9,242.8,207.9,178.6,164.9,139,89.4,62.5,50.6,43.5,40.9,40,37.6,35.3,32.1,30.1,29.7,29.9,31.3,31.6,33.1,33.8,32.9,32.4
Regulados,32.8,38.3,40.6,37.3,41.2,40.8,41.6,44.2,50.2,59.9,61.7,61.6,56.2,56.3,59.5,63.4,58.7,63.2,64.3,59.7,53.4,49.2,47.1,49.7,53.5,48.3,40.9,39.7,35.7,31.2,28.2,27.2,26.9,24.2,23.6,21.6,18.8,23.5,25.5,24.4,30.1,33.7,36.2,37.6,38.2,38.6,39.1,38,36.8,34.3,34.9,46.9,46.5,50.7,53.3,58.6,67.8,77.1,87.8,96.3,104.2,106.8,113.8,99.9,101.1,104.9,115,119.7,120.2,123.7,120.3,127.8,176,229.7,251.1,311.6,331.4,326.3,324.1,335.4,320.8,301.1,289.9,262.7,200.7,150.6,125.6,85.2,71.8,61.6,50.7,40,38.1,34.7,33.1,33.3,30.3,32.1,33,40.2,44.4,50.7
,,,,,,,,,,,,,,,,,,,,,,,,,,,,,,,,,,,,,,,,,,,,,,,,,,,,,,,,,,,,,,,,,,,,,,,,,,,,,,,,,,,,,,,,,,,,,,,,,,,,,,
Bienes y servicios,,,,,,,,,,,,,,,,,,,,,,,,,,,,,,,,,,,,,,,,,,,,,,,,,,,,,,,,,,,,,,,,,,,,,,,,,,,,,,,,,,,,,,,,,,,,,,,,,,,,,,
Bienes,20.1,20.4,20.6,21,20.8,21.9,24.5,27.8,31.5,40.2,45.9,48.5,49.3,51,54.8,59.2,61.7,61.4,60.5,57.7,59.9,57.9,54.4,56.6,59.3,60.6,57.6,54.1,52.6,51,50.9,51.8,48.1,44,45.5,44.2,47.4,48.6,51.1,52.1,54.6,56.9,57.1,57.9,57.9,56.1,55.1,53.7,51.6,49.9,52,56.6,59.5,62.9,66.6,73.8,82.6,89.9,94.3,96.8,96.7,101.6,106.4,106.2,111.1,114.5,116.1,113,128.2,142.7,145.3,167.1,233.3,276.8,285,289.2,275.8,261.5,252,241.5,207.5,178.8,164.8,136.5,85.1,57.5,45.7,39.7,36.4,33.8,30.3,28.3,24.9,23.3,23.7,25,26.2,28,29.4,29.8,30.1,31.4
Servicios,29.7,30.3,31.2,29.6,32.3,32.2,32.5,33.2,36.6,41.8,43.1,43.9,43.3,46.6,49.7,52.6,50.6,52.8,54.4,53.3,49.2,48.5,49.8,50.5,51.9,45.7,41,41.7,38.1,36.2,33.2,32.1,31.1,27.9,25.6,26,24.1,27.3,28.5,24.7,28.3,30,32.6,34.5,36.9,39.4,41.5,41.8,41.6,42,41.8,52.1,54.7,57.1,58.5,65.4,71.2,77,83.9,88.9,92.8,94.2,101.5,92.5,94.6,101.3,112.8,113.7,116.4,121.8,125,132.5,157.4,191.4,211.9,272.3,293.5,289.4,289.1,305.7,296.7,276.8,266.1,245.8,212.8,176.4,145.3,100.6,84.2,75.7,64.8,52,48.4,45.5,41.4,39.9,38,39.2,41.3,45.8,45.1,48.4
,,,,,,,,,,,,,,,,,,,,,,,,,,,,,,,,,,,,,,,,,,,,,,,,,,,,,,,,,,,,,,,,,,,,,,,,,,,,,,,,,,,,,,,,,,,,,,,,,,,,,,
,,,,,,,,,,,,,,,,,,,,,,,,,,,,,,,,,,,,,,,,,,,,,,,,,,,,,,,,,,,,,,,,,,,,,,,,,,,,,,,,,,,,,,,,,,,,,,,,,,,,,,
,,,,,,,,,,,,,,,,,,,,,,,,,,,,,,,,,,,,,,,,,,,,,,,,,,,,,,,,,,,,,,,,,,,,,,,,,,,,,,,,,,,,,,,,,,,,,,,,,,,,,,
,,,,,,,,,,,,,,,,,,,,,,,,,,,,,,,,,,,,,,,,,,,,,,,,,,,,,,,,,,,,,,,,,,,,,,,,,,,,,,,,,,,,,,,,,,,,,,,,,,,,,,
Región Cuyo,2017-12-01 00:00:00,2018-01-01 00:00:00,2018-02-01 00:00:00,2018-03-01 00:00:00,2018-04-01 00:00:00,2018-05-01 00:00:00,2018-06-01 00:00:00,2018-07-01 00:00:00,2018-08-01 00:00:00,2018-09-01 00:00:00,2018-10-01 00:00:00,2018-11-01 00:00:00,2018-12-01 00:00:00,2019-01-01 00:00:00,2019-02-01 00:00:00,2019-03-01 00:00:00,2019-04-01 00:00:00,2019-05-01 00:00:00,2019-06-01 00:00:00,2019-07-01 00:00:00,2019-08-01 00:00:00,2019-09-01 00:00:00,2019-10-01 00:00:00,2019-11-01 00:00:00,2019-12-01 00:00:00,2020-01-01 00:00:00,2020-02-01 00:00:00,2020-03-01 00:00:00,2020-04-01 00:00:00,2020-05-01 00:00:00,2020-06-01 00:00:00,2020-07-01 00:00:00,2020-08-01 00:00:00,2020-09-01 00:00:00,2020-10-01 00:00:00,2020-11-01 00:00:00,2020-12-01 00:00:00,2021-01-01 00:00:00,2021-02-01 00:00:00,2021-03-01 00:00:00,2021-04-01 00:00:00,2021-05-01 00:00:00,2021-06-01 00:00:00,2021-07-01 00:00:00,2021-08-01 00:00:00,2021-09-01 00:00:00,2021-10-01 00:00:00,2021-11-01 00:00:00,2021-12-01 00:00:00,2022-01-01 00:00:00,2022-02-01 00:00:00,2022-03-01 00:00:00,2022-04-01 00:00:00,2022-05-01 00:00:00,2022-06-01 00:00:00,2022-07-01 00:00:00,2022-08-01 00:00:00,2022-09-01 00:00:00,2022-10-01 00:00:00,2022-11-01 00:00:00,2022-12-01 00:00:00,2023-01-01 00:00:00,2023-02-01 00:00:00,2023-03-01 00:00:00,2023-04-01 00:00:00,2023-05-01 00:00:00,2023-06-01 00:00:00,2023-07-01 00:00:00,2023-08-01 00:00:00,2023-09-01 00:00:00,2023-10-01 00:00:00,2023-11-01 00:00:00,2023-12-01 00:00:00,2024-01-01 00:00:00,2024-02-01 00:00:00,2024-03-01 00:00:00,2024-04-01 00:00:00,2024-05-01 00:00:00,2024-06-01 00:00:00,2024-07-01 00:00:00,2024-08-01 00:00:00,2024-09-01 00:00:00,2024-10-01 00:00:00,2024-11-01 00:00:00,2024-12-01 00:00:00,2025-01-01 00:00:00,2025-02-01 00:00:00,2025-03-01 00:00:00,2025-04-01 00:00:00,2025-05-01 00:00:00,2025-06-01 00:00:00,2025-07-01 00:00:00,2025-08-01 00:00:00,2025-09-01 00:00:00,2025-10-01 00:00:00,2025-11-01 00:00:00,2025-12-01 00:00:00,2026-01-01 00:00:00,2026-02-01 00:00:00,2026-03-26 00:00:00,2026-04-01 00:00:00,2026-05-01 00:00:00
,,,,,,,,,,,,,,,,,,,,,,,,,,,,,,,,,,,,,,,,,,,,,,,,,,,,,,,,,,,,,,,,,,,,,,,,,,,,,,,,,,,,,,,,,,,,,,,,,,,,,,
Nivel general y divisiones COICOP,,,,,,,,,,,,,,,,,,,,,,,,,,,,,,,,,,,,,,,,,,,,,,,,,,,,,,,,,,,,,,,,,,,,,,,,,,,,,,,,,,,,,,,,,,,,,,,,,,,,,,
,,,,,,,,,,,,,,,,,,,,,,,,,,,,,,,,,,,,,,,,,,,,,,,,,,,,,,,,,,,,,,,,,,,,,,,,,,,,,,,,,,,,,,,,,,,,,,,,,,,,,,
Nivel general,25.5,25.3,26.6,26.1,26.1,26.2,29.5,32.4,35.1,41.8,47.7,50.8,49.5,51.6,53.3,56.8,56.8,58.5,56.9,55.6,57.1,55.6,52.3,53.6,54.7,54.1,51.9,50,47,44.8,44.4,43.7,41.3,38.3,38.2,36.4,37.8,40.4,42.8,44.5,48.6,52,53.8,55.1,53.8,52.7,51.9,51.2,50.6,50.1,52,55.5,58,60.5,63.2,69.7,77.5,83.1,88.2,92.3,94.4,98.7,101.2,103.2,105.8,110.2,110.2,108.2,119.7,135.4,138.5,156.3,207.2,253.3,275.8,280.9,284.1,272.7,271.9,265.9,240.4,208.6,193.8,166.2,116.4,80.4,63.1,54.5,46.9,43.2,37.6,34,31,29.8,30,30.8,31.7,33,33.9,33.5,32.6,33.2
Alimentos y bebidas no alcohólicas,21.4,20.4,20.9,21.6,20.3,21.6,28.2,32.1,34.8,43.2,49.1,51.8,52.3,55.5,61.8,68,70.1,69.1,63.4,59.7,61.4,57,51.6,54.8,57.8,60.3,56.1,51.4,52,49.8,48.1,46.9,43.9,40.9,44.2,40.7,44.8,45.7,45.9,46.8,48.5,52.3,56.3,59.8,56.5,55.4,52.3,52.2,50.1,48.9,54.5,61.6,63.2,64.2,65.2,69.5,79.9,87,93.1,94.8,91.7,96.8,102.4,103.1,108.8,114.3,113.7,113.2,130.1,150.5,152.9,180.4,253.7,293.8,299.1,302.2,290.7,279.9,279.6,269.2,236.3,195.4,175.3,140.8,89.9,61.1,49.6,43.4,40.8,36.4,31,30,25.1,25.2,28.9,32.6,34.1,37.9,38.3,36,32,33.5
Bebidas alcohólicas y tabaco,22.9,23.8,23.2,19.8,18.2,19.1,19.9,20.4,19.5,24.1,22.8,27,28.8,30,31.1,34.9,34.6,34.8,37.5,34.6,38.5,40,46.1,48.5,50.3,51.8,50.1,48.9,49.5,47.1,48.3,49.7,45.2,43.5,37.1,32.9,34.1,34.4,37.6,42.2,45,47.2,50,50.8,51.6,53.4,55.3,52.3,54.1,50.1,48.6,48.1,47.5,53.9,54.1,59.7,67.7,73.6,76.6,86.5,91.9,101.3,105.9,111.1,110.5,115,111.3,117.2,121.5,128.7,139.8,151.2,175.1,212.6,243.7,262.1,274,262.1,255.5,246.2,224.4,191.7,172.5,155.1,120.1,85.6,62.7,43,38.3,32,33,26.2,28.5,28.1,28.1,24.1,24.8,24,23.3,24.9,24.5,23.6
Prendas de vestir y calzado,11.7,11.5,15.9,15,15.3,13.3,14.1,17.2,17.4,23.8,27,32.3,34,33.9,32.6,35,37,41.7,44.8,41.7,46.9,45.2,48.1,50.4,48.7,51.4,55.2,58.1,51.9,50,60.5,68.8,67.4,71,63.6,61.8,64.2,68.5,71,70.2,77.9,78.2,68.5,64.6,64,58.8,59.3,56.2,61.4,59.6,57.9,62,67.5,77.1,77.9,87.8,100.4,109.6,117.6,122,117.6,117.8,115.5,116.6,115.3,110.3,109.5,99.1,98.7,108.8,114.3,126.3,148.2,183.7,199.4,193,197.2,193.4,193,190.6,173.9,148.8,137.2,116.2,92.4,65.2,51.3,50,40.8,37.2,31.3,27,23.5,19.6,17.5,17.4,16.9,15.7,16.8,13.5,12.9,11.4
"Vivienda, agua, electricidad, gas y otros combustibles",65.1,63.2,60.4,54.2,57.2,52.5,53.6,54.3,60.2,62.2,80.2,80.7,54.3,55.6,62.2,61,45.8,49.5,50.5,54.4,52.7,53.7,39.9,36.6,35.5,34.4,28.5,28.7,25.8,23.1,21.2,18.2,16.2,16.4,16.7,18.4,19.4,20,25,27.8,31.5,30.9,34,35.1,27.5,26.3,28.9,28,27.6,28.4,26.2,30.9,33.6,36.8,41.4,44.8,56.9,58.5,60.6,65,68.7,82.9,84.2,85.6,85.3,108.8,102.5,103.2,105.9,117.3,118.8,140.8,157,171.8,234.4,231.9,317.1,270.9,335.9,341.7,340,335.3,334.2,296.8,269.6,222.5,165,157.1,100.4,97.9,63.3,57,51.7,46,43,42.5,41.9,40.3,47,47.1,46.9,50.9
Equipamiento y mantenimiento del hogar,16.6,15.7,17.8,21.6,21.8,22.4,26.2,28.7,31.4,41.9,48.3,52.1,52.4,55.6,57.5,56.6,61.4,61.9,59,57.6,60.3,57.7,62.5,58.5,62.8,57.7,55.5,53,48.6,48.1,47.7,48.8,47.6,40,34.3,37.5,34.3,41.2,44.7,47.1,49.3,49.7,51.4,50.7,50.2,51.2,49.8,48.2,48.9,47.2,47.2,49.4,54.1,56.3,60.6,69.3,76.3,83.2,88.7,93.5,98,103,104.7,106.1,110.4,118.2,119.7,113.8,120,135.6,146.5,163.8,217,285.9,304.5,301.8,293.7,275.3,256.8,249.1,227.8,196.1,173.4,145.6,94.9,54.8,42.1,36.6,29.7,27.5,27.7,25,22,20.3,18.9,18.9,20.6,20.3,21.3,21.4,23.6,24
Salud,30.2,28.2,27.3,27.2,27.4,27.5,29.7,29.5,30.8,32.6,36.8,47.8,50.7,54.6,56.6,60,62.3,67,68.7,70.3,72.7,79.4,78.4,74.2,76.1,65.1,61.4,59.5,56.5,50.7,46.1,45.3,42.9,36.4,35.6,32.1,32.1,39.5,44,45.1,47.7,53.9,57.6,60.3,62.3,62.5,62.1,60.2,53.6,54.3,55.1,56,61,63.7,68.6,71.4,72,74.6,79.9,84,92.6,93.3,95,97.6,96.3,103.5,107.9,113.6,131.6,149.5,142.9,165.7,245.2,293.5,318.5,341.9,354,315.1,296.9,278.8,246.8,216.1,212.4,177.7,105.4,76.4,60.9,46.4,37,39.2,35.8,30.9,28.1,26.5,25.4,25.2,25.6,26.1,26.6,27.4,28,27.9
Transporte,25,26.8,30.1,27.9,31.1,33.5,35.8,42.2,46.6,58.2,67.7,66.8,66.8,63.7,58.7,63.1,65.3,67.7,62.5,59.1,58.1,52.3,47.2,50.3,52.8,54,52.2,48.8,40.9,38.6,39.4,37.5,37.7,37.1,37.4,35.7,35.5,38.5,45.6,50.1,61.2,70.2,70.7,71.7,71.1,66.5,64.4,64.3,61.6,58.5,59.1,62.2,60.5,58.2,64.2,71.3,72.6,75.7,80.8,85.5,93.3,98.2,96.1,92.2,92.6,90.1,90.2,88.2,102.4,118.6,115.7,122.1,174.7,244.6,278.5,295.7,291.6,303.9,295.8,292.7,267.8,233.5,223.2,204.4,132.4,76.5,55.2,43.6,40.8,31.8,28,24.5,23.2,24.9,26.3,28.6,30.9,35.6,34.9,38.5,42.2,43.9
Comunicación,32,29,36.9,37.5,26.6,29.8,30.8,29.5,39.3,41.5,35,38,47.5,57.4,46.8,49.2,55,56,65.5,64.3,52.7,58.7,59.6,65.3,63.8,52.8,53.6,59.8,47,42.2,34.1,36.4,34.2,27.9,27.4,19.5,10.5,25.3,24.6,15.6,22.6,23,31.1,27.5,29.7,31.5,32.3,32,35.4,28.1,30,31.1,33.8,38.1,29.5,39.6,43.8,46.2,59.9,71.1,77.5,78.7,83.7,84.1,89.3,93.7,106.3,113.3,111.5,123.8,125.2,137.6,157.1,204.6,254.4,299.4,324.2,330.1,330.2,309.6,316.4,291.7,258.8,221.3,191.2,133.4,94.5,71.5,56.3,50.4,42.5,38.2,34.1,33,34.2,35.2,33.7,35,33.9,35.3,37.4,37.1
Recreación y cultura,23.7,24.6,25,21.7,21.7,21.5,24.1,27.7,29.5,35.3,35.1,39.4,42.7,45.4,47.2,49.5,51,52.6,50.7,49.6,51.9,53.8,54.2,56.2,54.9,54.2,56.4,57.3,54.7,54.3,55,51.4,49.5,40.3,41,40.9,42.1,40.8,35.9,41.9,41.4,41.8,41.5,43.2,43.1,43.6,44.3,41.4,42.7,46.7,50.4,45.8,49.2,50.2,52.6,66.7,71.7,77.5,78.9,87.7,89.3,93.2,96.5,105.9,111.3,115.5,121.5,114.5,129.1,147.3,160.5,170.7,212.4,256.7,271.9,268.6,276,265.4,255.3,241.7,210.4,178.2,162,144.1,104.9,72.8,59.6,50.3,41.7,39.9,39.1,37.9,35.3,34.1,30.8,27.7,29,27.4,27.2,29.7,28,28.3
Educación,32.6,34.8,31.4,31.8,28.3,25.8,26.6,26.7,26.9,26.5,31.3,31.8,32.1,30.8,30.8,35.6,35.4,34.5,35.6,35.7,36.5,37.2,34,33.5,34,34.1,35.6,35.3,31.4,34.2,32.1,31.1,28.3,28.7,25.7,26.7,26,25.1,23.8,26.5,23.3,28.2,30.8,32.2,34.9,36.9,41.9,41.8,42.9,44.2,47.6,46.1,53.6,50.9,54.4,65.5,75.3,77.3,74.3,82.3,84.3,84.9,81.5,102.2,96.2,104,111.1,104.4,106.1,110.4,113.6,131.6,139.2,136.3,146.6,173,190,198.8,193.4,194.5,191.4,189.8,190.3,167.5,155.7,156.4,147.1,117.6,109.1,93.8,85.8,78.3,75.4,69.4,65.9,58.7,60,61,63.3,42.4,41.3,40.7
Restaurantes y hoteles,19.9,21.4,25.2,28.7,27.2,28.1,30.7,32.9,33.2,39.6,42.8,39.4,41.5,46.2,43.6,49.1,50.3,50.9,49.7,52,57.7,55.2,56.8,60.5,58.1,55.6,53.2,48.6,47.3,46.5,46.5,41.6,37.1,32.4,34.1,33,37,39.5,44.2,44.7,50.8,55.5,57.7,61.1,62.3,63.4,62.2,64.9,65.9,68.7,70.4,71.5,73.6,77.2,81.3,88.3,96.7,100.9,104.1,104.5,109.5,107.4,114.6,125,131,132.2,127.3,123.3,139.9,154.5,162.9,176.8,215.3,252.7,269.9,261.9,251.3,240.3,237.1,249.5,221.8,197,185.8,168.7,129.8,101,80.3,71.5,67.3,67.9,67.2,54.5,53.3,51.5,45.2,42.9,41.4,38.7,38.3,39.3,37.7,33.5
Bienes y servicios varios,19.6,18.4,18.7,18,18.2,18.7,22.1,24.2,26.5,37.3,43.1,50.8,51.8,56.5,56.5,59,61.7,63.5,62.4,62.2,64.3,64.7,61.9,61.6,61.9,60.7,62.8,61.2,56.9,53.4,49.3,48.9,43.7,31.8,30.2,24.5,24.4,22.1,23.4,23.2,26.9,27.8,29.5,28.8,31,33.6,33.3,34.9,36.1,39,40.3,45,47.6,52.2,56.5,65,73.1,80.7,85.8,94.9,98.3,105.5,107.4,107.6,109,113.8,116.1,113.5,116.3,125.5,129.7,138.2,196,303.1,364.2,380.5,387.5,374,351.5,343.2,310.9,284.3,262.6,232.3,156.6,79.3,51.4,42,37.4,34.5,34,30.6,32.3,30.7,31,31.3,32.4,34.3,34.4,33,31.9,31.8
,,,,,,,,,,,,,,,,,,,,,,,,,,,,,,,,,,,,,,,,,,,,,,,,,,,,,,,,,,,,,,,,,,,,,,,,,,,,,,,,,,,,,,,,,,,,,,,,,,,,,,
Categorías ,,,,,,,,,,,,,,,,,,,,,,,,,,,,,,,,,,,,,,,,,,,,,,,,,,,,,,,,,,,,,,,,,,,,,,,,,,,,,,,,,,,,,,,,,,,,,,,,,,,,,,
Estacional,20.3,20.1,20.8,20.1,15.4,13.2,18.8,26.9,27.9,26,30.3,34.4,33.7,31.1,33.9,37.2,40.4,39.6,36.5,32.4,37.2,43.2,40.9,42.7,46,49.4,51.2,54.9,58.1,63.9,73.8,74.5,71.1,72.2,79.3,72.9,68.4,74.3,73.3,64.7,62,58.7,49.7,52.8,46.1,43.6,39.4,38.2,41.6,47.5,55.1,62.9,66.5,68.7,77,87.8,109.8,120.8,134.5,139.5,139.8,139.1,124.6,125.8,135.7,143.5,134.1,122.5,122.4,124.6,113.9,135,165.2,182.3,199.1,207.9,210.8,211.7,228.3,220.8,212.7,179.3,157.6,123.1,85.8,61.1,45.6,47.6,35.5,23.3,12.2,13.3,5.7,6.4,12.9,14,17.9,23.9,28.3,16.6,14.9,22.2
Núcleo,21,20.4,21.8,22.3,22.5,23.2,26.6,29.1,31.1,40,44.4,48,50.2,53.6,55.1,58.9,60.5,61.7,59.4,57.7,60.3,57.4,56.6,58.1,58.8,58.1,56.7,53.5,50.5,47.9,46.8,46.9,44.6,39.8,38.7,37.4,40.5,41.9,43.9,46.8,51.5,55.3,58.1,59.5,59.4,58.7,57.8,57,55.9,55.3,57,59.7,62,64.8,66.4,72,77.3,82.4,85.7,88.7,88.9,92.2,97.9,100.8,103.1,105.9,108,107,121.6,141.1,149,167,226.3,276.4,292.6,294.4,288.5,274,264.2,257,226.3,192.8,178.2,153,103.7,71.3,56.7,48.2,44.5,43.2,40.9,37,34.8,33.4,32.3,33,33.2,33.4,33.1,33.5,31.5,30.6
Regulados,43.3,44.1,45.3,40.8,42.5,42.4,44.2,45,50.6,55.8,66.9,67.8,55.3,55.8,57.4,59.8,54.2,57.8,58.9,60.3,57.2,55.8,45.9,46.1,47.6,45.4,39.6,38.9,33.6,29.6,27,23.8,21.4,20.8,20.5,18.8,17.5,22.4,27.2,29.3,33.9,38.6,42.6,42.7,39.9,38.7,40.3,39.6,37.9,33.8,33.4,37.7,39.9,41.2,44.8,52,60.6,63.8,69.8,78,88.7,98.3,98.7,97.9,97.2,106.1,103.4,103.2,110,120.7,116.7,131.2,165.2,219.7,266.8,281,323.3,313.9,335.2,335.6,321.8,302.2,295,260.9,199.5,133.9,100.7,84.5,62.7,54.6,40.9,35.7,32.7,31.1,31.4,32.3,33.3,35.8,39.2,41.6,44.5,46.7
,,,,,,,,,,,,,,,,,,,,,,,,,,,,,,,,,,,,,,,,,,,,,,,,,,,,,,,,,,,,,,,,,,,,,,,,,,,,,,,,,,,,,,,,,,,,,,,,,,,,,,
Bienes y servicios,,,,,,,,,,,,,,,,,,,,,,,,,,,,,,,,,,,,,,,,,,,,,,,,,,,,,,,,,,,,,,,,,,,,,,,,,,,,,,,,,,,,,,,,,,,,,,,,,,,,,,
Bienes,20.3,19.8,21.1,20.9,21,21.9,26.2,30,32.3,41.3,46.8,50.8,51.8,54.1,56.2,61,62.8,64,61.1,57.9,60.3,57.6,54.6,57,58.9,59.5,57.7,54.7,52,49.7,50.1,50.7,48.5,44.9,45.3,42.1,43.8,46.1,48.5,50.3,54.9,58.6,59.8,61.1,59.7,57.8,55.8,54.8,54.3,53,55.4,59.4,61.2,63.8,66.3,72.4,79.9,86.4,92,95.5,96.5,100.3,102.4,104,107.3,110.2,110.1,108.1,120.4,137.4,140.9,160.6,221.6,276,293.1,296.5,288,274.2,267.8,257.3,228.5,193.3,176.9,147.6,95,60.3,46.7,39.4,35.6,32.5,28.9,26.7,24.2,23.4,24.3,25.9,27.3,28.6,29.2,29,28.1,29.2
Servicios,38.5,38.7,40,38.4,38,36.2,37.3,37.8,41.3,43,49.8,50.8,44.7,46.5,47.4,48.1,44.5,47,48,50.6,50.2,51.1,47.2,45.8,45.4,42.2,39,39.3,35.6,33.5,31.3,27.6,25,22.7,21.5,22.4,22.9,26.2,28.6,29.9,32.6,34.8,37.9,39.1,37.6,38.7,40.9,40.7,40,41.5,42,44.3,48.5,50.4,53.5,61.6,70,72.4,76.3,82.6,87.5,93.7,97.2,100.6,101,110.1,110.6,108.5,117.2,128.6,130.5,141.8,159.3,180,219.6,230,271.3,267.8,285.3,294.1,280.7,262.9,254.2,233.8,204.7,167.5,129,113.9,86.8,79.3,65.2,56.1,50.7,48.5,45.7,44.1,43.2,44.3,46.1,45.2,43.9,43.1
,,,,,,,,,,,,,,,,,,,,,,,,,,,,,,,,,,,,,,,,,,,,,,,,,,,,,,,,,,,,,,,,,,,,,,,,,,,,,,,,,,,,,,,,,,,,,,,,,,,,,,
,,,,,,,,,,,,,,,,,,,,,,,,,,,,,,,,,,,,,,,,,,,,,,,,,,,,,,,,,,,,,,,,,,,,,,,,,,,,,,,,,,,,,,,,,,,,,,,,,,,,,,
,,,,,,,,,,,,,,,,,,,,,,,,,,,,,,,,,,,,,,,,,,,,,,,,,,,,,,,,,,,,,,,,,,,,,,,,,,,,,,,,,,,,,,,,,,,,,,,,,,,,,,
,,,,,,,,,,,,,,,,,,,,,,,,,,,,,,,,,,,,,,,,,,,,,,,,,,,,,,,,,,,,,,,,,,,,,,,,,,,,,,,,,,,,,,,,,,,,,,,,,,,,,,
Región Patagonia,2017-12-01 00:00:00,2018-01-01 00:00:00,2018-02-01 00:00:00,2018-03-01 00:00:00,2018-04-01 00:00:00,2018-05-01 00:00:00,2018-06-01 00:00:00,2018-07-01 00:00:00,2018-08-01 00:00:00,2018-09-01 00:00:00,2018-10-01 00:00:00,2018-11-01 00:00:00,2018-12-01 00:00:00,2019-01-01 00:00:00,2019-02-01 00:00:00,2019-03-01 00:00:00,2019-04-01 00:00:00,2019-05-01 00:00:00,2019-06-01 00:00:00,2019-07-01 00:00:00,2019-08-01 00:00:00,2019-09-01 00:00:00,2019-10-01 00:00:00,2019-11-01 00:00:00,2019-12-01 00:00:00,2020-01-01 00:00:00,2020-02-01 00:00:00,2020-03-01 00:00:00,2020-04-01 00:00:00,2020-05-01 00:00:00,2020-06-01 00:00:00,2020-07-01 00:00:00,2020-08-01 00:00:00,2020-09-01 00:00:00,2020-10-01 00:00:00,2020-11-01 00:00:00,2020-12-01 00:00:00,2021-01-01 00:00:00,2021-02-01 00:00:00,2021-03-01 00:00:00,2021-04-01 00:00:00,2021-05-01 00:00:00,2021-06-01 00:00:00,2021-07-01 00:00:00,2021-08-01 00:00:00,2021-09-01 00:00:00,2021-10-01 00:00:00,2021-11-01 00:00:00,2021-12-01 00:00:00,2022-01-01 00:00:00,2022-02-01 00:00:00,2022-03-01 00:00:00,2022-04-01 00:00:00,2022-05-01 00:00:00,2022-06-01 00:00:00,2022-07-01 00:00:00,2022-08-01 00:00:00,2022-09-01 00:00:00,2022-10-01 00:00:00,2022-11-01 00:00:00,2022-12-01 00:00:00,2023-01-01 00:00:00,2023-02-01 00:00:00,2023-03-01 00:00:00,2023-04-01 00:00:00,2023-05-01 00:00:00,2023-06-01 00:00:00,2023-07-01 00:00:00,2023-08-01 00:00:00,2023-09-01 00:00:00,2023-10-01 00:00:00,2023-11-01 00:00:00,2023-12-01 00:00:00,2024-01-01 00:00:00,2024-02-01 00:00:00,2024-03-01 00:00:00,2024-04-01 00:00:00,2024-05-01 00:00:00,2024-06-01 00:00:00,2024-07-01 00:00:00,2024-08-01 00:00:00,2024-09-01 00:00:00,2024-10-01 00:00:00,2024-11-01 00:00:00,2024-12-01 00:00:00,2025-01-01 00:00:00,2025-02-01 00:00:00,2025-03-01 00:00:00,2025-04-01 00:00:00,2025-05-01 00:00:00,2025-06-01 00:00:00,2025-07-01 00:00:00,2025-08-01 00:00:00,2025-09-01 00:00:00,2025-10-01 00:00:00,2025-11-01 00:00:00,2025-12-01 00:00:00,2026-01-01 00:00:00,2026-02-01 00:00:00,2026-03-26 00:00:00,2026-04-01 00:00:00,2026-05-01 00:00:00
,,,,,,,,,,,,,,,,,,,,,,,,,,,,,,,,,,,,,,,,,,,,,,,,,,,,,,,,,,,,,,,,,,,,,,,,,,,,,,,,,,,,,,,,,,,,,,,,,,,,,,
Nivel general y divisiones COICOP,,,,,,,,,,,,,,,,,,,,,,,,,,,,,,,,,,,,,,,,,,,,,,,,,,,,,,,,,,,,,,,,,,,,,,,,,,,,,,,,,,,,,,,,,,,,,,,,,,,,,,
,,,,,,,,,,,,,,,,,,,,,,,,,,,,,,,,,,,,,,,,,,,,,,,,,,,,,,,,,,,,,,,,,,,,,,,,,,,,,,,,,,,,,,,,,,,,,,,,,,,,,,
Nivel general,23.5,23.5,23.9,25.1,26,26.3,29.1,31.2,33.7,40.7,46.5,50.4,50.6,51.3,52.7,54.4,55.7,57.9,57.1,56.1,56.9,55,51.3,51.8,54,53.3,51.5,49,44.8,42.2,41.1,41.3,39.5,35.6,35.9,33.7,32.3,34.3,37.1,39,44.7,47.5,49.7,50.6,51.3,53.5,52.6,51.5,51.6,50.9,52.3,57.3,59,61,63.6,71,76,80.1,86.6,91.6,94.3,98.6,100.3,99.4,103.6,108.3,111.6,111.1,122.5,138.9,142.5,158.8,207.7,260.9,279.9,292.3,293.5,283.4,276.9,264.2,239.7,209.1,195,172.2,124.7,85.5,72,60.9,52.3,47.9,43.5,40.7,37.1,35.4,34.3,33,32.9,33.4,33.1,32.1,32,32.2
Alimentos y bebidas no alcohólicas,16.9,17.4,18.2,18.7,19.8,20.5,25.5,29.6,33.1,39.9,45.6,50.8,52.4,54.2,56.6,62.9,65.1,65.9,63.4,60.8,60.3,58,54,54.7,57.4,59.2,58,53.4,48.3,46,43.4,43,42.1,38.5,40.7,37.5,36.3,36.1,38.4,39.6,45.1,47.4,50.5,53.5,53.4,54.5,51.8,49.9,49.8,50.1,52.3,59.8,63.6,66,68.2,73.4,79.1,84.8,92.6,96.7,97.5,100.7,104.8,103.2,109.1,113.4,115.6,115.1,129.2,152.4,152.8,176.3,242.3,313.9,319.7,327.1,310.3,300,295.5,283,252.9,209.6,193.1,165,111,69.1,61,50.4,46.9,42.3,37.4,34.3,29.6,28.1,27.9,27.2,28.5,30,27.6,27.8,26.2,27.7
Bebidas alcohólicas y tabaco,22.5,23.7,20.7,20.3,18.8,19,18.5,18.8,19.2,23.8,22.9,27.8,29,30.7,31.7,36.4,35.7,35.9,38.8,35.8,40.1,42.8,49.4,50.3,52.7,54.1,52.9,51,52.1,48.5,49.9,51,45.7,42.8,35.1,32.5,33.7,33.4,36.5,40.3,42.2,44.8,46.5,48.4,49.2,51.6,53.8,49.6,50.6,46.9,44.9,45.9,44.6,49.9,52.6,56.6,64.5,69.6,74.6,84.4,88.4,99.7,104.1,108.4,109.3,115.5,109.8,119.9,122.5,128.4,137.6,147.1,176.8,216,261.4,269.7,282.9,277.6,272.2,255.9,239.6,208.9,189.4,173,133,93.8,65,49.4,44.8,36.6,36.9,30.2,31.6,31.5,31.7,27.8,27.8,27.6,26.4,27.5,26.6,26.1
Prendas de vestir y calzado,14.6,13.2,12.6,13.9,17.6,17.3,17.5,17.2,17.1,22.3,26.2,29.7,30.5,33.5,33.8,35.9,36.5,40.7,41.3,46.7,49.1,52.1,51.2,51,53.6,54.4,55.8,50.5,44.6,43.7,50.2,54.1,52.5,47.3,48.4,49.3,46.8,45.5,47.5,54.3,67.4,71,65.8,62.2,63.1,66.5,65.6,62.6,65.9,68.6,71.6,75.8,75.9,77,83.4,97.6,106.6,112.3,116.3,121.2,121.6,123,122.5,120.4,121.5,121.7,119,107.5,111.6,123.8,133,144.3,173.6,195.1,206.9,221.8,213,208.9,201.4,193.9,176,151.3,139.8,122.1,95.4,76.4,61.8,48.8,43.7,39.3,37.1,34.3,30.7,26.9,23.2,20,17.9,18,19.3,16.2,14.6,14.8
"Vivienda, agua, electricidad, gas y otros combustibles",48.8,48,46.7,49.3,52.2,47.4,46.3,45.7,45.5,52.1,63,69.5,59.4,53,60.9,55.4,48.9,55.5,59,59.6,58.7,52.9,41,38.6,38.1,33.6,26.2,26.1,25,19.7,18.7,17.4,16.7,15.8,17.4,16.6,17.6,17,18.8,19.6,25.6,27.6,26.7,29,32.1,34.2,33.3,32.6,32.2,36.2,38,47.6,47.9,49.2,54.7,58.5,57.5,56.9,64.5,71.5,75.5,81.7,83.4,75.5,77.6,86.6,102.1,102.7,111.2,131.8,130.9,134.9,150.9,174.3,203.2,220.8,318.6,297.6,302,306.8,309.3,286.4,290.1,290.4,268.1,223.7,202.5,187,112,114.9,94.2,85.6,76.5,72,67.3,62.1,58.8,59.5,62.5,58.4,59,54.3
Equipamiento y mantenimiento del hogar,15.9,16.1,17.7,21.7,23.2,23.4,26.6,30.1,34.8,45.1,50.8,57,56.5,58.7,61.1,57.9,61.1,63.7,62.3,59.6,63.1,59.7,62.3,58.5,62.1,57.9,55.7,58.4,51.7,48.9,46.9,51,47.7,42,38.9,41,39.6,45,48.6,45.5,52.1,52.5,54.1,50.2,49,51.1,50.4,49.1,48.7,46.6,46,48.7,47.9,51.6,53.9,66.3,72,77.1,81.9,86,87.1,94,96.4,97.2,105.8,113.4,118,114.4,128.9,146.5,155,176.4,241.2,304.8,326.3,321.8,319.2,296,277.8,257.7,226.3,193.4,173.6,141.9,92,54.9,42.4,40.5,31.7,28.6,29.6,26.6,21.9,20.6,19.7,20.8,19.7,20.1,20.6,18.5,20.7,22.1
Salud,28.1,24.3,23.8,24.6,25.2,26.9,29.7,29.4,30.9,32.5,37.2,45.8,52.5,54.8,55.9,57.5,59,61.2,62.3,64.9,70.5,74.7,73.6,71.5,70.8,64.1,61.1,60.1,58.3,54.5,50.3,47.8,41.8,37.7,37.3,32.5,29.7,35.1,40.6,41.9,45.2,48.4,49.7,52.3,54.9,54.1,54.5,55.3,50.9,51.3,50.8,52.7,54.3,57.6,63.3,66.4,69.9,72.1,76.6,78.2,87.4,89.5,90.8,93.1,92.7,99.9,103.2,110.5,127.1,140.6,138.2,160.2,225,279.6,305.8,323.4,335.7,304.9,294.3,278.9,241.3,220.9,221.4,190.2,122.8,88.3,71.2,58.7,49.8,49.8,44.7,40.1,38.9,36.5,31.1,30.8,31.2,30.6,32.4,32.2,31.9,31.7
Transporte,27.1,26.8,29,28.5,30.3,33.4,39.9,44.4,49.5,65,75.5,73.4,69.5,67.8,65.8,69.4,72.5,73.1,66.2,59.7,60.3,50.2,44.4,47.6,54.6,56.5,55.5,51.6,46.9,43.2,43.9,42.9,40,38.5,37.9,36.1,33.7,40.3,43.8,47.8,53.5,61.5,66.2,67.9,68.9,67.5,67.2,67.2,64.5,58.4,59.9,61.7,60.8,60.6,60.2,67.3,69.9,74.2,77.5,82.1,84.5,88.6,87.7,87.2,91.8,92.6,95.1,99.8,112.5,120.7,128.1,139.9,197.6,265.8,288,313.4,299.5,295.2,287.7,261.7,233.4,216.9,194.4,173,113.7,67.5,52.3,38.6,35.9,29.8,26.7,29.8,30,30.6,34.4,34.2,37.2,38.2,38.3,40.6,44.9,46.5
Comunicación,28.7,27.2,32.3,33.1,24.6,28,28.3,28.6,38.1,37.7,31.4,33.3,43.8,52.7,42.2,45.7,51.4,51.5,59.7,60.7,48.2,56.8,57.1,67.3,67.6,58.5,58.6,63.5,50.6,46.6,38.4,36.5,35.4,27.8,26.4,15.8,7.5,23.5,26,17,21.9,23.6,33.7,33.8,34.1,38.5,38.3,38.8,41,29.3,26.5,28.9,34,37.2,26.7,34,41.1,40.7,55.3,64.9,67.3,72,77.9,76.5,79.3,86,96.5,108.4,106.6,117.9,119.2,133.4,158.2,191.9,248.4,286.7,318.1,327.8,320.4,297,299.6,283.9,254.4,220.2,193.4,142.2,100.8,82.9,65.9,54.6,51.3,45.9,41.6,38.2,37.5,38.3,35.7,38,35.8,35.6,35.8,36.8
Recreación y cultura,24.5,27.9,27.9,27.5,24.3,23.8,26.1,29,29.5,34.8,39.7,42.3,44.7,45.1,44.5,44.4,50.3,51,49.6,47.2,51.9,53.6,49.3,50.6,50.4,49.3,51.5,50.4,46.7,50.2,44,48.3,48.9,39.2,40.8,37.8,37.4,39.2,41.3,44.5,45.4,40.4,45.5,41.9,39.4,47.6,45.6,45.2,47.1,44.8,44.6,45.4,46.4,50.8,52.5,61.5,67.6,68.9,77.5,82,86.9,94.3,95.3,100.2,106.3,115.8,123.6,122,141.6,162.7,165.8,187.3,232.8,269,282,279.7,282.6,270.6,251.4,240.7,201.9,168.7,156.1,135.8,96.5,69.9,59.4,52.8,43.6,37,36.2,32.7,29.6,27.2,25,23.3,22.9,22.6,22.2,22.2,21.9,22.8
Educación,29.2,21.1,24.3,27.9,27.4,28.1,27.9,28.7,28.2,26.9,27.1,27.5,27.5,31.4,29.5,32.8,33.2,32.2,32.2,33.7,37.4,38,38.1,37.9,38.1,33.7,36.8,30.5,30.3,29.6,27.7,24.9,20.7,18.1,17.3,17.4,16.8,18.4,14.7,22.5,22.5,26.1,28.8,31.9,34.1,36.9,38.5,38.8,39.3,37.8,41,62.3,65.1,64.2,64.6,68.2,73.6,75,79.3,79.7,82.8,82.8,83.5,88.7,90.1,94.1,97.5,95.4,106.6,109.9,110.7,113.7,117.9,118.3,129.9,156.6,180.9,194.8,208.7,210.8,213.3,218.5,218.6,226.4,219.4,219,221.6,156.2,134.6,125.1,112.3,107.7,99.9,92.5,89,84.1,83.4,82.5,74.1,46.6,46.2,43.8
Restaurantes y hoteles,21.7,22.6,21.3,26.6,26.6,28.1,29.5,28.4,30.3,34.6,37.1,39,40.5,41,42.3,41.4,42.6,44.4,44.7,46.7,48,47.2,47,47.9,47.6,49.4,45.8,43.2,39.8,38.3,37.7,36.9,34.3,29.9,28.1,26.6,25.5,24.6,30.3,34.4,38.7,41.6,43.3,46.4,49.3,55.3,57.1,56.9,60.2,63.7,67.1,69.6,76.2,76,82.5,91.9,97,102.1,110.7,118.6,124.1,128.6,126.9,125.4,127.6,137.5,138.2,131.2,141.1,161.6,163.2,177.4,210.8,242.9,256.5,274.3,268.1,264,265.2,263,248.5,207.9,201.8,181.7,147.1,119.8,107.1,96.2,91.8,83.1,75,68.7,61,59.5,53,50.1,44.9,40.3,37.4,33.1,30.5,29.9
Bienes y servicios varios,20.9,20.2,20.2,19.9,19.2,20.5,23,25.7,29.1,35.8,44.7,52.3,57.7,59.9,63.8,65.3,67.7,70.5,67.7,66.8,66,68.5,64.3,63,60.3,59.8,55.7,54.1,48.4,43.9,42.4,41.2,38.6,28.7,25.5,21,19.2,17.5,18.6,19.1,24,25.6,27.7,29.4,31.4,35,36.5,36.7,36.7,39.2,41,47.8,50.6,54.9,58.2,65.1,72.5,76.3,89.2,95.1,100.5,106.6,108,105.8,107.8,109.9,112.7,115.4,117,126.1,121.9,137.3,189.6,327.4,398.3,414.6,418.5,406.1,391.9,368.9,340.3,309.2,289.3,251.3,181.5,82.8,54.6,44.6,37.6,36.7,31.9,30.2,29.1,28.7,28.5,29.9,29.1,29.8,28.8,27.8,28.1,27.2
,,,,,,,,,,,,,,,,,,,,,,,,,,,,,,,,,,,,,,,,,,,,,,,,,,,,,,,,,,,,,,,,,,,,,,,,,,,,,,,,,,,,,,,,,,,,,,,,,,,,,,
Categorías ,,,,,,,,,,,,,,,,,,,,,,,,,,,,,,,,,,,,,,,,,,,,,,,,,,,,,,,,,,,,,,,,,,,,,,,,,,,,,,,,,,,,,,,,,,,,,,,,,,,,,,
Estacional,16.3,16.6,16.4,16.2,16.6,16,19.2,21.6,23.6,26.3,30.3,35,33.8,33.4,34.5,37.7,37.8,39.7,38.9,40.2,43.3,48.3,44.8,46,49.4,52.5,54.1,49.6,49.9,51.5,57.2,59.9,57.8,53.9,60.5,58.4,53.9,54.9,60.1,64.3,65.3,66.7,59.8,59.1,57.7,59.4,55.4,52.8,56.1,57,59.2,66.8,72,73.3,80.4,91.6,102.4,111.7,117.3,122.5,124.8,129.2,123.1,122.9,131.2,134.7,133.9,124.9,129.3,141,143.2,157.6,187.5,214.4,226.2,236.5,229.7,224.8,228.4,221.5,205.2,172.4,157.4,136.2,100.3,71.8,58,46.5,41.1,35.4,26.1,22.7,18.2,16.8,16.4,14.5,16.5,20.6,23,19.6,14.5,16.3
Núcleo,20,20,20.3,22.1,22.8,23.3,26.5,29.1,31.3,38.2,43.4,47.4,49.8,51.7,53.4,55.3,57.8,59,57.2,55.6,58.2,56.7,54.8,54.6,56.1,55.8,54.6,52.2,47.4,45.4,43.7,44.7,42.5,37.4,36.7,35.2,34.8,36,38.5,40.3,46.5,48.7,51.6,52.6,53.2,56.2,56.1,55.4,55.2,55.1,55.9,60.2,61.6,64,66.3,73,77.5,80.4,86.3,89.9,91.4,94.5,98.4,97.5,101.7,106.4,109.2,109,122.7,142.1,147.4,165.7,222.1,280.1,297.3,307,297.7,285.2,273.9,259.7,230.2,196.8,182.2,159.4,111.2,74.9,62.4,53.1,48.6,45.3,43.4,41.2,37.8,36.5,34.7,33.2,32.8,32.5,30.9,30,29.8,30.3
Regulados,39.7,38.8,39.9,39.3,40.9,41.8,42.7,43.1,46.9,56.4,64.6,67.9,61.5,58.7,59.5,59.9,58.3,63.1,65.4,64.8,59.6,53.2,44.7,46.6,50.4,46.9,42.2,40.2,35.5,30,27.7,24.9,24,22.8,23,19,16.1,20.8,23.1,24.6,30.3,35,38.9,40.1,41.9,41.8,40.1,38.4,37.4,33.8,36.5,42.4,43,44.3,45.1,52.4,55.7,60.1,68.9,77.9,85.4,93.9,92.3,90.9,91.9,97.2,105,109.1,116.2,124.9,122.7,133,168.8,225,254.3,279.3,329.3,324.4,326.6,314.6,305.4,292,283.3,259.6,206.5,141.9,123,102.4,72.8,64.8,54.4,49.9,46.3,42.8,43.3,43.3,42.3,43.1,45.2,44.5,47.8,46.6
,,,,,,,,,,,,,,,,,,,,,,,,,,,,,,,,,,,,,,,,,,,,,,,,,,,,,,,,,,,,,,,,,,,,,,,,,,,,,,,,,,,,,,,,,,,,,,,,,,,,,,
Bienes y servicios,,,,,,,,,,,,,,,,,,,,,,,,,,,,,,,,,,,,,,,,,,,,,,,,,,,,,,,,,,,,,,,,,,,,,,,,,,,,,,,,,,,,,,,,,,,,,,,,,,,,,,
Bienes,18.6,18.7,19.2,20.2,21.3,22.2,26.3,29.7,32.4,41.4,47.6,51.7,53.2,54.6,55.6,59,61.3,63.2,60.6,58.4,60.5,58,54.7,55.7,58.3,59,58.1,55,50.4,47.6,47.2,48.4,46.2,41.4,41.9,39.5,38.4,40,43.1,45.6,51.8,54.9,56.8,56.8,56.5,58.1,56.6,54.9,54.8,53.9,54.9,59.5,61,63.4,65.8,73.8,79.8,84.6,90.8,95.5,97.8,101.4,103.5,102.9,107.6,111.1,113.2,111.8,124.5,141.8,146.3,164.7,223.1,284.3,301.9,310.5,298.7,286.9,277.4,262.3,231.7,197.9,180.9,155.3,104.1,65.6,53,43.6,39.4,35.4,32.4,30.4,27.7,26.6,26.5,25.7,26.5,27.4,26.7,26.3,26.3,27.4
Servicios,35.6,34.8,35,36.5,36.7,35.8,35.5,34.7,36.7,39.2,44,47.5,45,44.3,46.5,45.1,44.3,46.9,49.6,50.9,49.1,48.2,43.4,42.8,44.4,40.5,36.7,35.5,32.1,29.9,26.9,25.1,23.8,21.4,21.1,19.2,17.1,20,21.7,22.3,26.6,28.2,30.8,33.6,37,40.5,41.1,41.7,42.2,41.9,44.4,50.5,52.5,53.7,56.6,62.2,64.1,65.8,73.1,79,82.8,89.4,90,88.2,90.6,98.6,106.5,108.8,115.2,128.8,128.9,137.8,153.8,180.9,203.5,228.8,274.9,271.2,274.9,270.7,268.9,251.2,248.3,237.9,216.7,178.6,159.1,136,101.1,94.3,82.2,75.6,67.8,63,58.2,54.8,51.3,50.1,50.6,47.1,47.1,44.8
,,,,,,,,,,,,,,,,,,,,,,,,,,,,,,,,,,,,,,,,,,,,,,,,,,,,,,,,,,,,,,,,,,,,,,,,,,,,,,,,,,,,,,,,,,,,,,,,,,,,,,
"Nota: a partir del mes de junio de 2017, el INDEC adoptó el Clasificador del Consumo Individual por Finalidad (COICOP, por sus siglas en inglés) de Naciones Unidas, 1999. Las variaciones porcentuales corresponden a las publicadas en el informe técnico. Por tal motivo, pueden existir pequeñas discrepancias con las variaciones calculadas a partir de los índices que están redondeados a 4 decimales.",,,,,,,,,,,,,,,,,,,,,,,,,,,,,,,,,,,,,,,,,,,,,,,,,,,,,,,,,,,,,,,,,,,,,,,,,,,,,,,,,,,,,,,,,,,,,,,,,,,,,,
,,,,,,,,,,,,,,,,,,,,,,,,,,,,,,,,,,,,,,,,,,,,,,,,,,,,,,,,,,,,,,,,,,,,,,,,,,,,,,,,,,,,,,,,,,,,,,,,,,,,,,
,,,,,,,,,,,,,,,,,,,,,,,,,,,,,,,,,,,,,,,,,,,,,,,,,,,,,,,,,,,,,,,,,,,,,,,,,,,,,,,,,,,,,,,,,,,,,,,,,,,,,,
"Fuente: INDEC, Dirección Nacional de Estadísticas de Precios, Dirección de Índices de Precios de Consumo",,,,,,,,,,,,,,,,,,,,,,,,,,,,,,,,,,,,,,,,,,,,,,,,,,,,,,,,,,,,,,,,,,,,,,,,,,,,,,,,,,,,,,,,,,,,,,,,,,,,,,
