Índice de precios al consumidor con cobertura nacional. Resultados por región,,,,,,,,,,,,,,,,,,,,,,,,,,,,,,,,,,,,,,,,,,,,,,,,,,,,,,,,,,,,,,,,,,,,,,,,,,,,,,,,,,,,,,,,,,,,,,,,,,,,,,,,,,,,,,,,,
Período de referencia: Diciembre 2016=100,,,,,,,,,,,,,,,,,,,,,,,,,,,,,,,,,,,,,,,,,,,,,,,,,,,,,,,,,,,,,,,,,,,,,,,,,,,,,,,,,,,,,,,,,,,,,,,,,,,,,,,,,,,,,,,,,
,,,,,,,,,,,,,,,,,,,,,,,,,,,,,,,,,,,,,,,,,,,,,,,,,,,,,,,,,,,,,,,,,,,,,,,,,,,,,,,,,,,,,,,,,,,,,,,,,,,,,,,,,,,,,,,,,
"Variaciones mensuales correspondientes a los meses de enero de 2017 a mayo de 2026. Resultados regionales según divisiones de la canasta, categorías, bienes y servicios",,,,,,,,,,,,,,,,,,,,,,,,,,,,,,,,,,,,,,,,,,,,,,,,,,,,,,,,,,,,,,,,,,,,,,,,,,,,,,,,,,,,,,,,,,,,,,,,,,,,,,,,,,,,,,,,,
,,,,,,,,,,,,,,,,,,,,,,,,,,,,,,,,,,,,,,,,,,,,,,,,,,,,,,,,,,,,,,,,,,,,,,,,,,,,,,,,,,,,,,,,,,,,,,,,,,,,,,,,,,,,,,,,,
Total nacional,2017-01-01 00:00:00,2017-02-01 00:00:00,2017-03-01 00:00:00,2017-04-01 00:00:00,2017-05-01 00:00:00,2017-06-01 00:00:00,2017-07-01 00:00:00,2017-08-01 00:00:00,2017-09-01 00:00:00,2017-10-01 00:00:00,2017-11-01 00:00:00,2017-12-01 00:00:00,2018-01-01 00:00:00,2018-02-01 00:00:00,2018-03-01 00:00:00,2018-04-01 00:00:00,2018-05-01 00:00:00,2018-06-01 00:00:00,2018-07-01 00:00:00,2018-08-01 00:00:00,2018-09-01 00:00:00,2018-10-01 00:00:00,2018-11-01 00:00:00,2018-12-01 00:00:00,2019-01-01 00:00:00,2019-02-01 00:00:00,2019-03-01 00:00:00,2019-04-01 00:00:00,2019-05-01 00:00:00,2019-06-01 00:00:00,2019-07-01 00:00:00,2019-08-01 00:00:00,2019-09-01 00:00:00,2019-10-01 00:00:00,2019-11-01 00:00:00,2019-12-01 00:00:00,2020-01-01 00:00:00,2020-02-01 00:00:00,2020-03-01 00:00:00,2020-04-01 00:00:00,2020-05-01 00:00:00,2020-06-01 00:00:00,2020-07-01 00:00:00,2020-08-01 00:00:00,2020-09-01 00:00:00,2020-10-01 00:00:00,2020-11-01 00:00:00,2020-12-01 00:00:00,2021-01-01 00:00:00,2021-02-01 00:00:00,2021-03-01 00:00:00,2021-04-01 00:00:00,2021-05-01 00:00:00,2021-06-01 00:00:00,2021-07-01 00:00:00,2021-08-01 00:00:00,2021-09-01 00:00:00,2021-10-01 00:00:00,2021-11-01 00:00:00,2021-12-01 00:00:00,2022-01-01 00:00:00,2022-02-01 00:00:00,2022-03-01 00:00:00,2022-04-01 00:00:00,2022-05-01 00:00:00,2022-06-01 00:00:00,2022-07-01 00:00:00,2022-08-01 00:00:00,2022-09-01 00:00:00,2022-10-01 00:00:00,2022-11-01 00:00:00,2022-12-01 00:00:00,2023-01-01 00:00:00,2023-02-01 00:00:00,2023-03-01 00:00:00,2023-04-01 00:00:00,2023-05-01 00:00:00,2023-06-01 00:00:00,2023-07-01 00:00:00,2023-08-01 00:00:00,2023-09-01 00:00:00,2023-10-01 00:00:00,2023-11-01 00:00:00,2023-12-01 00:00:00,2024-01-01 00:00:00,2024-02-01 00:00:00,2024-03-01 00:00:00,2024-04-01 00:00:00,2024-05-01 00:00:00,2024-06-01 00:00:00,2024-07-01 00:00:00,2024-08-01 00:00:00,2024-09-01 00:00:00,2024-10-01 00:00:00,2024-11-01 00:00:00,2024-12-01 00:00:00,2025-01-01 00:00:00,2025-02-01 00:00:00,2025-03-01 00:00:00,2025-04-01 00:00:00,2025-05-01 00:00:00,2025-06-01 00:00:00,2025-07-01 00:00:00,2025-08-01 00:00:00,2025-09-01 00:00:00,2025-10-01 00:00:00,2025-11-01 00:00:00,2025-12-01 00:00:00,2026-01-01 00:00:00,2026-02-01 00:00:00,2026-03-01 00:00:00,2026-04-01 00:00:00,2026-05-01 00:00:00
,,,,,,,,,,,,,,,,,,,,,,,,,,,,,,,,,,,,,,,,,,,,,,,,,,,,,,,,,,,,,,,,,,,,,,,,,,,,,,,,,,,,,,,,,,,,,,,,,,,,,,,,,,,,,,,,,
Nivel general y divisiones COICOP,,,,,,,,,,,,,,,,,,,,,,,,,,,,,,,,,,,,,,,,,,,,,,,,,,,,,,,,,,,,,,,,,,,,,,,,,,,,,,,,,,,,,,,,,,,,,,,,,,,,,,,,,,,,,,,,,
,,,,,,,,,,,,,,,,,,,,,,,,,,,,,,,,,,,,,,,,,,,,,,,,,,,,,,,,,,,,,,,,,,,,,,,,,,,,,,,,,,,,,,,,,,,,,,,,,,,,,,,,,,,,,,,,,
Nivel general,1.6,2.1,2.4,2.7,1.4,1.2,1.7,1.4,1.9,1.5,1.4,3.1,1.8,2.4,2.3,2.7,2.1,3.7,3.1,3.9,6.5,5.4,3.2,2.6,2.9,3.8,4.7,3.4,3.1,2.7,2.2,4,5.9,3.3,4.3,3.7,2.3,2,3.3,1.5,1.5,2.2,1.9,2.7,2.8,3.8,3.2,4,4,3.6,4.8,4.1,3.3,3.2,3,2.5,3.5,3.5,2.5,3.8,3.9,4.7,6.7,6,5.1,5.3,7.4,7,6.2,6.3,4.9,5.1,6,6.6,7.7,8.4,7.8,6,6.3,12.4,12.7,8.3,12.8,25.5,20.6,13.2,11,8.8,4.2,4.6,4,4.2,3.5,2.7,2.4,2.7,2.2,2.4,3.7,2.8,1.5,1.6,1.9,1.9,2.1,2.3,2.5,2.8,2.9,2.9,3.4,2.6,2.1
Alimentos y bebidas no alcohólicas,1.3,1.8,2.8,2.2,1.3,0.9,1.1,2.1,1.8,1.5,1.2,0.7,2.1,2.2,2.3,1.2,3.3,5.2,4,4,7,5.9,3.4,1.7,3.4,5.7,6,2.5,2.4,2.6,2.3,4.5,5.7,2.5,5.3,3.1,4.7,2.7,3.9,3.2,0.7,1,1.3,3.5,3,4.8,2.7,4.4,4.8,3.8,4.6,4.3,3.1,3.2,3.4,1.5,2.9,3.4,2.1,4.3,4.9,7.5,7.2,5.9,4.4,4.6,6,7.1,6.7,6.2,3.5,4.7,6.8,9.8,9.3,10.1,5.8,4.1,5.8,15.6,14.3,7.7,15.7,29.7,20.4,11.9,10.5,6,4.8,3,3.2,3.6,2.3,1.2,0.9,2.2,1.8,3.2,5.9,2.9,0.5,0.6,1.9,1.4,1.9,2.3,2.8,3.1,4.7,3.3,3.4,1.5,2.5
Bebidas alcohólicas y tabaco,0.9,4.3,1.9,2.4,1.7,0.7,3,1.3,0.7,3,1.1,0.5,2.3,1.7,0.7,1.3,1.6,0.9,2.6,1.4,4.4,2.3,4.6,1.4,3.5,2.4,4.1,1,2.2,2.7,0.9,4.4,5.7,6.2,5.6,3.1,4.3,1.3,2.9,1.4,0.1,3.8,1.4,1.3,4.3,1.9,3,3.4,4.5,3.6,6.4,3.6,1.6,5.5,3.1,2,5.9,2.2,1.1,5.4,1.8,2.7,5.7,3.3,5.7,6.7,6.4,7,9.4,5.4,6.3,7.1,7.3,5.2,8.3,3.8,8.4,4.5,9,8.5,11.5,9.8,11.8,20.2,21,17.7,12.3,5.5,6.7,2.1,6.1,3,2.2,3,4,2.5,2.4,1.3,0.8,2.8,0.6,2.8,0.6,3.5,1.6,2.4,1.2,2.8,1.5,0.6,2.1,1.9,0.8
Prendas de vestir y calzado,-1,-0.2,3.4,4.5,1.7,0.9,-1.2,-0.6,3.8,2.1,1.3,0.8,-0.8,-0.6,4.4,4,2,1.9,-0.1,0.3,9.8,5,2.3,1.1,-0.6,1,6.6,6.2,3.4,1.9,0.3,3.1,9.5,4.7,4.4,2.4,1.1,2.4,4.2,1.5,7.5,6.6,3.3,2.2,5.8,6.2,3.7,3.6,1.4,2.8,10.8,6,2.1,3.5,1.2,3.4,6,5.1,4.1,4.8,2.4,3.4,10.9,9.9,5.8,5.8,8.5,9.9,10.6,6.8,4.5,4,2.3,3.9,9.4,10.8,7.6,4.2,3,9.1,15.7,11,10,17.2,11.9,7.2,10.9,9.6,3.5,2.7,1.6,2.1,6,4.4,1.9,1.6,-0.7,0.4,4.6,3.8,0.9,0.5,-0.9,-0.3,2.1,2.4,0.5,1.1,-0.5,0,3.1,3.2,0.3
"Vivienda, agua, electricidad, gas y otros combustibles",1.5,5.4,3.6,5.9,1.8,1.8,2,2.2,2,0.9,1.2,17.8,1,3.8,0.6,8,-0.7,2.7,1,6.2,2.3,8.8,2.1,3,3.1,6.4,2.8,2.9,4,2.7,2.2,2.1,2,1.9,1.5,2.1,0.6,0.6,1.4,0,0.1,0.9,1,2.3,1.5,2.3,2.5,3,1.1,2,1.3,3.5,2,2.5,2.9,1.1,1.9,2.5,2.2,2.1,1.8,2.8,7.7,4.6,3.6,6.8,4.6,5.5,3.1,7.5,8.7,4.2,8,4.8,6.5,5.6,11.9,8.1,4,9.1,8.5,7.8,7.1,13.8,14,20.2,13.3,35.6,2.5,14.3,6,7,7.3,5.4,4.5,5.3,4,3.7,2.9,1.9,2.4,3.4,1.5,2.7,3.1,2.8,3.4,3.4,3,6.8,3.7,3.5,2.6
Equipamiento y mantenimiento del hogar,0.9,0.4,0.8,1.1,2.8,1.3,2.4,1,1,0.7,0.9,2.9,1,1.7,4.5,1.2,2.2,4,4.2,3.1,9.7,4.3,3.6,1.9,2.7,2.8,3.8,4.6,3.2,3.4,2.5,6.1,7.4,8.1,0.6,5.4,-1.3,2.1,2.9,1.2,2.8,4.1,3.9,3.5,2.6,4.5,3.9,2.4,3,4.6,3.2,4.3,2.4,3.2,2.7,3.3,3.5,2.8,2.7,3.4,3.3,4.4,4.4,5.5,5.4,6,10.3,8.4,6,4.9,5.4,5.9,5.4,5.1,5.8,8.6,8.8,8,6.2,14.1,12.7,10.7,12.4,30.7,22.3,10.3,5,6.5,3.2,2.3,3.5,4.3,2.7,2.6,1.5,0.9,1.6,1,1.5,0.9,1.4,1.9,1.5,0.9,2.2,1.6,1.1,2,1.8,2.6,1.3,2.9,1.4
Salud,2.4,2.7,2,1.8,1.5,1.5,3.3,2.5,2.4,1.1,1.3,2.4,1.8,2.3,1.3,1.8,2.2,4.3,2.8,4.1,4.5,5.5,5.7,5.2,2.9,3.2,3.2,3.5,5.1,3.6,4.1,5.2,8.3,4.7,6.3,5.6,-2,0.4,2.7,1.2,1.1,2.2,2.2,2.4,3.5,3.1,3.7,5.2,3.4,3.5,4,3.7,4.8,3.2,3.8,4.2,4.3,4.7,2.4,0.5,4.1,3.6,5,6.4,6.2,7.4,6.8,5.7,4.3,7.1,4.1,5.7,4.9,5.3,5.7,6.6,9,8.6,9,15.3,9.5,5.1,15.9,32.6,20.5,13.6,12.2,9.1,0.7,4.7,5.8,4.1,3.3,3.6,2.9,2.1,2.4,2.1,1.8,2.5,2.7,2.2,1.1,1.7,2.3,1.8,2.4,2.1,2.3,2.5,2.6,2.5,2.6
Transporte,2.1,1.9,1.2,0.6,0.9,0.7,2.2,1.1,0.8,1.3,3,3.2,2.2,4.5,1.8,4,1.9,5.9,5.2,4,10.4,7.6,2.7,2.4,2.5,2.2,4.2,4.4,3.5,1.6,1.1,4,4.7,3.5,4.6,5,1.5,1.6,1.6,1.3,1.1,1.8,1.8,2.8,3.6,4.2,3.6,4.9,4.6,4.8,4.2,5.7,6,3.3,2.3,2.4,3,3.1,2.2,4.9,2.8,4.9,5.5,5.3,6.1,4.7,5.5,6.8,5.8,4.5,6.1,5.8,5.9,4.9,5.3,6.5,8.1,6.5,5.3,10.5,10.8,7.1,10.4,31.7,26.3,21.6,13,6.3,4,3.9,2.6,5.1,3.4,1.2,3.4,2.2,1.2,1.7,1.7,1.7,0.4,1.6,2.8,3.6,3,3.5,3,4,1.8,2,4.1,4.4,2
Comunicación,3.1,4.1,3.2,6.8,0.3,1.2,0.9,1.5,1.1,5.3,0.7,1.7,1.9,9.1,2.7,1,3.9,0.4,0.6,12.4,2.1,0.7,3,7.7,7.4,1.1,4.4,3.5,2,7.1,0.2,1.2,6.7,0.5,7.4,9.6,0.1,2.3,8.3,-4.1,0.3,0.4,0.7,0.3,0.1,-0.1,-0.6,0,15.1,1.8,0.1,0.5,1,7,0.4,-0.6,2.8,1.1,0.8,1.8,7.5,1.5,3.4,3.7,3.1,0.4,5.5,4.1,2.5,12.1,6.4,3.4,8,7.8,1.9,6.3,6.7,10.5,12.2,4.5,9.6,12.6,15.2,15.6,25.1,24.7,15.9,14.2,8.2,5.3,3.5,4.9,3,2.1,1.5,5,2.3,2.3,2.5,2.8,4.1,1.8,2.3,1.9,2.2,2.2,2.7,3.3,3.6,1.8,2.9,4.1,3.4
Recreación y cultura,3.2,0.6,1.7,2.6,0.7,2.3,3.6,0.7,2.7,1.3,0.7,0.7,3.5,1,1.2,1.9,2.5,3.4,5.1,3.3,6.8,2.7,2.8,2.6,3.5,2.2,2,3.2,2.4,3.7,3.9,4.2,7.6,2,3.4,2.4,5,2.2,2.5,2.3,2.5,4.2,3.3,3.3,1.9,2.6,5.1,5.2,4.8,2.3,5.3,1.5,3.1,2.2,3.1,3.7,3.8,4,1.5,4,4.2,2.3,3.3,5.2,5.2,4.3,13.2,5,5.2,5.6,4.2,4.6,9,6.1,4.4,7.5,8.4,6.5,11.2,11.6,15.1,9.3,13.2,20.2,24,8.6,8.5,7.1,4.6,5.6,5.7,3.7,2.1,2.9,3,2.8,2.5,2.9,0.2,4,1.7,2.5,4.8,0.5,1.3,1.6,2.4,2.5,1,2.3,3.6,1,2.8
Educación,0.8,3.2,10.9,2.9,1.7,1,0.8,2,3.7,0.8,0.3,0,0.6,1.9,13.8,0.8,0.9,1.2,1.8,1.9,1.6,2.1,1.2,1,0.6,1.7,17.9,1.5,3.3,1.8,2.1,2.5,1,1.6,4.4,2,0.5,1.4,17.5,-1.5,-0.4,0.4,0.1,0.8,0.3,0.1,0.4,0,0.6,0.1,28.5,2.5,2.3,1.1,2.5,4.2,3.1,1.4,0.8,1,0.8,2.6,23.6,3.7,3.2,2,6.1,5,3.7,7.1,3.8,3.9,1.1,3.2,29.1,5,4.9,6.6,6.1,8.7,8.1,6.6,8.3,6.2,0.9,9.9,52.7,8.6,7.6,5.7,4.2,6.6,4.3,3.5,5.1,2.2,0.5,2.3,21.6,2.5,1.9,3.7,1.9,2.5,3.1,1.7,2.2,0.4,0.6,1.2,12.1,4.2,2.9
Restaurantes y hoteles,3.1,1.7,1,1.9,1.5,1.3,2.6,0.7,1.4,1.4,1.8,1.8,2.9,2.1,1.8,2.3,2.4,2.7,2.9,2.4,5.7,3.1,2.6,2.7,3.7,3.6,4.3,4.1,2.2,2.5,3,3.6,5.2,2.5,3.3,3.3,4.2,3.1,2.2,1.5,1.5,2.2,1.9,1.9,1.7,3.4,3.2,4.6,5.4,5.4,3.1,3.9,3.7,3.1,4.8,2.9,4.1,4.1,5,5.9,5.7,4.3,5.4,7.3,5.7,6.2,9.8,6.7,4.8,7.4,5.5,7.2,6.2,7.5,7.9,9.9,9.3,6.3,7.5,12.4,13.2,8.8,12,21.6,19.4,11.2,8.3,7.3,5.5,6.3,6.5,4.8,3.7,4.3,3.6,4.6,5.3,2.3,3.9,4.1,3,2.1,2.8,3.4,1.1,2.2,2.5,3.2,4.1,3,3.4,2.6,1.8
Bienes y servicios varios,1.9,1.8,1.8,1.8,1.3,1.3,1.3,1.6,1.7,1.4,1.2,1.1,2.4,1.8,1.9,1.7,2,3.2,3.9,4.9,7.9,6.2,4.4,3.4,3.6,3.1,3.1,3,2.8,2.1,2.7,4.4,8.2,3.8,4.9,3.6,3.1,2.4,2,0.2,1.9,0.3,2.3,3.3,1.8,2.1,2.6,1.7,2,3.2,2.2,3.6,2.9,2,3.2,3.3,2.2,3.3,2,3.2,4.3,4.3,5.5,5.3,4.6,5,8.1,8.7,6.8,6.1,5.8,5.7,6.8,6.5,6.3,6.6,7.1,6.6,6.3,9.4,11.7,7.7,11.5,32.7,44.4,16.6,9.6,5.7,4.3,2.8,3.5,2.3,3.3,2.8,2.3,2.1,2.5,2.9,3.2,2.5,2.6,1,2.1,2.2,2.1,2.4,2.5,2.6,2.7,3.3,1.7,2.4,2.4
,,,,,,,,,,,,,,,,,,,,,,,,,,,,,,,,,,,,,,,,,,,,,,,,,,,,,,,,,,,,,,,,,,,,,,,,,,,,,,,,,,,,,,,,,,,,,,,,,,,,,,,,,,,,,,,,,
Categorías ,,,,,,,,,,,,,,,,,,,,,,,,,,,,,,,,,,,,,,,,,,,,,,,,,,,,,,,,,,,,,,,,,,,,,,,,,,,,,,,,,,,,,,,,,,,,,,,,,,,,,,,,,,,,,,,,,
Estacional,1.7,0.6,2.4,3.2,0.8,0.9,0.5,1.1,4,2.4,1.7,0.3,2.7,-0.7,1.6,0.9,2.5,3.4,3.8,1.9,4,6.2,3,1.4,1.1,1.9,4.8,1.6,0.6,2.5,3.6,3.9,8.5,2.8,7.3,2.1,3.6,2.5,4.9,4.8,4.7,4.8,0.9,4,7.9,9.6,2,1.3,3,3.1,7.2,2.2,1.5,0.5,4.9,0.6,6.4,8.1,0.5,3.7,9,8.4,6.2,5.4,3.4,6.6,11.3,8.7,11.7,9,4.1,4.6,7.9,3.3,9.3,12.6,6,1.8,5.1,10.7,14.7,7.6,12.8,16.2,16.2,8.7,11.1,9.9,7.2,4.4,5.1,1.5,2.9,1.4,-1.2,-1.4,0.4,-0.8,8.4,1.9,-2.7,-0.2,4.1,-0.8,2.2,2.8,0.4,0.6,5.7,-1.3,1,0,3.5
Núcleo,1.5,1.7,1.9,2.1,1.7,1.3,1.8,1.4,1.6,1.3,1.3,1.7,1.5,2.1,2.6,2.1,2.7,4.1,3.2,3.4,7.6,4.5,3.3,2.7,3,3.9,4.6,3.8,3.2,2.7,2.1,4.6,6.4,3.8,4,3.7,2.4,2.4,3.1,1.7,1.6,2.3,2.5,3,2.3,3.5,3.9,4.9,3.9,4.1,4.5,4.6,3.5,3.6,3.1,3.1,3.3,3.2,3.3,4.4,3.3,4.5,6.4,6.7,5.2,5.1,7.3,6.8,5.5,5.5,4.8,5.3,5.4,7.7,7.2,8.4,7.8,6.5,6.5,13.8,13.4,8.8,13.4,28.3,20.2,12.3,9.4,6.3,3.7,3.7,3.8,4.1,3.3,2.9,2.7,3.2,2.4,2.9,3.2,3.2,2.2,1.7,1.5,2,1.9,2.2,2.6,3,2.6,3.1,3.2,2.3,1.9
Regulados,1.8,4,3.8,4.1,1,0.9,2.3,1.5,1.7,1.7,1.5,9.1,2.1,4.8,2,5.3,0.4,2.9,2.6,6.2,4.7,7.4,2.8,2.6,3.4,4.2,4.9,3.3,3.7,2.8,1.8,2.1,3.4,2,3.8,4.6,1.1,0.7,3.3,-0.7,-0.1,0.7,0.5,1,1.9,1.5,1.2,2.6,5.1,2.2,4.5,3.5,3.8,3.2,1.4,1.1,3,1.9,1,1.7,2.8,3.1,8.4,3.9,5.7,5.3,4.9,6.3,4.5,7.4,6.2,5.1,7.1,5.1,8.3,4.9,9,7.2,6.7,8.3,8.3,6.6,10.1,20.7,26.6,21.1,18.1,18.4,4,8.1,4.3,5.9,4.5,2.7,3.5,3.4,2.6,2.3,3.2,1.8,1.3,2.2,2.3,2.7,2.6,2.6,2.9,3.3,2.4,4.3,5.1,4.7,2.4
,,,,,,,,,,,,,,,,,,,,,,,,,,,,,,,,,,,,,,,,,,,,,,,,,,,,,,,,,,,,,,,,,,,,,,,,,,,,,,,,,,,,,,,,,,,,,,,,,,,,,,,,,,,,,,,,,
Bienes y servicios,,,,,,,,,,,,,,,,,,,,,,,,,,,,,,,,,,,,,,,,,,,,,,,,,,,,,,,,,,,,,,,,,,,,,,,,,,,,,,,,,,,,,,,,,,,,,,,,,,,,,,,,,,,,,,,,,
Bienes,1.2,1.5,2.2,2.4,1.4,1,1.2,1.3,1.9,1.6,1.5,1.2,1.6,1.8,2.2,2.2,2.7,4.3,3.7,3.2,8.7,5.8,3.7,1.9,2.6,3.7,5,3.8,3.1,2.7,2,4.9,7.1,3.5,5.2,3.3,2.6,2.2,3.2,2.3,2,2.9,2.3,3.3,3.6,4.6,3.4,3.9,4.2,4,5.1,4.7,3.5,3.4,2.9,2.5,3.5,3.6,2.5,3.9,3.8,5.5,6.7,6.4,5.3,5.2,7.3,7.4,7,5.9,4.5,5.1,5.4,7,7.8,9.1,7.4,5.5,6,13.7,13.5,8.5,13.8,29.5,21.1,11.9,9.8,6.3,3.9,3.1,3.2,3.2,3,2.1,1.6,1.9,1.5,2.1,3.6,2.7,0.9,0.8,1.4,1.6,2,2.3,2.3,2.6,2.8,2.3,3,2.5,2
Servicios,2.4,3,2.9,3.2,1.5,1.5,2.7,1.6,1.9,1.4,1.1,6.5,2.1,3.5,2.7,3.7,1.1,2.6,2.1,5,3,4.6,2.1,3.7,3.5,3.8,4.1,2.9,3,2.7,2.5,2.3,3.6,2.9,2.4,4.5,1.6,1.7,3.5,-0.2,0.6,0.9,1.1,1.5,1.1,1.9,2.6,4,3.8,2.5,4.3,2.5,2.7,2.7,3.1,2.3,3.7,3.3,2.4,3.7,4,2.8,6.7,5.1,4.3,5.5,7.5,5.8,4.2,7.4,5.8,5.1,7.7,5.7,7.4,6.6,8.6,7.2,7.2,9.1,10.5,7.8,10.2,14.1,18.8,17.6,15.5,16.5,5,8.7,6.4,6.5,4.6,4.3,4.4,4.4,3.8,3.1,4,3,2.7,3.2,3.1,2.5,2.3,2.5,2.9,3.4,3.1,4,4.2,2.6,2.5
,,,,,,,,,,,,,,,,,,,,,,,,,,,,,,,,,,,,,,,,,,,,,,,,,,,,,,,,,,,,,,,,,,,,,,,,,,,,,,,,,,,,,,,,,,,,,,,,,,,,,,,,,,,,,,,,,
,,,,,,,,,,,,,,,,,,,,,,,,,,,,,,,,,,,,,,,,,,,,,,,,,,,,,,,,,,,,,,,,,,,,,,,,,,,,,,,,,,,,,,,,,,,,,,,,,,,,,,,,,,,,,,,,,
,,,,,,,,,,,,,,,,,,,,,,,,,,,,,,,,,,,,,,,,,,,,,,,,,,,,,,,,,,,,,,,,,,,,,,,,,,,,,,,,,,,,,,,,,,,,,,,,,,,,,,,,,,,,,,,,,
,,,,,,,,,,,,,,,,,,,,,,,,,,,,,,,,,,,,,,,,,,,,,,,,,,,,,,,,,,,,,,,,,,,,,,,,,,,,,,,,,,,,,,,,,,,,,,,,,,,,,,,,,,,,,,,,,
Región GBA,2017-01-01 00:00:00,2017-02-01 00:00:00,2017-03-01 00:00:00,2017-04-01 00:00:00,2017-05-01 00:00:00,2017-06-01 00:00:00,2017-07-01 00:00:00,2017-08-01 00:00:00,2017-09-01 00:00:00,2017-10-01 00:00:00,2017-11-01 00:00:00,2017-12-01 00:00:00,2018-01-01 00:00:00,2018-02-01 00:00:00,2018-03-01 00:00:00,2018-04-01 00:00:00,2018-05-01 00:00:00,2018-06-01 00:00:00,2018-07-01 00:00:00,2018-08-01 00:00:00,2018-09-01 00:00:00,2018-10-01 00:00:00,2018-11-01 00:00:00,2018-12-01 00:00:00,2019-01-01 00:00:00,2019-02-01 00:00:00,2019-03-01 00:00:00,2019-04-01 00:00:00,2019-05-01 00:00:00,2019-06-01 00:00:00,2019-07-01 00:00:00,2019-08-01 00:00:00,2019-09-01 00:00:00,2019-10-01 00:00:00,2019-11-01 00:00:00,2019-12-01 00:00:00,2020-01-01 00:00:00,2020-02-01 00:00:00,2020-03-01 00:00:00,2020-04-01 00:00:00,2020-05-01 00:00:00,2020-06-01 00:00:00,2020-07-01 00:00:00,2020-08-01 00:00:00,2020-09-01 00:00:00,2020-10-01 00:00:00,2020-11-01 00:00:00,2020-12-01 00:00:00,2021-01-01 00:00:00,2021-02-01 00:00:00,2021-03-01 00:00:00,2021-04-01 00:00:00,2021-05-01 00:00:00,2021-06-01 00:00:00,2021-07-01 00:00:00,2021-08-01 00:00:00,2021-09-01 00:00:00,2021-10-01 00:00:00,2021-11-01 00:00:00,2021-12-01 00:00:00,2022-01-01 00:00:00,2022-02-01 00:00:00,2022-03-01 00:00:00,2022-04-01 00:00:00,2022-05-01 00:00:00,2022-06-01 00:00:00,2022-07-01 00:00:00,2022-08-01 00:00:00,2022-09-01 00:00:00,2022-10-01 00:00:00,2022-11-01 00:00:00,2022-12-01 00:00:00,2023-01-01 00:00:00,2023-02-01 00:00:00,2023-03-01 00:00:00,2023-04-01 00:00:00,2023-05-01 00:00:00,2023-06-01 00:00:00,2023-07-01 00:00:00,2023-08-01 00:00:00,2023-09-01 00:00:00,2023-10-01 00:00:00,2023-11-01 00:00:00,2023-12-01 00:00:00,2024-01-01 00:00:00,2024-02-01 00:00:00,2024-03-01 00:00:00,2024-04-01 00:00:00,2024-05-01 00:00:00,2024-06-01 00:00:00,2024-07-01 00:00:00,2024-08-01 00:00:00,2024-09-01 00:00:00,2024-10-01 00:00:00,2024-11-01 00:00:00,2024-12-01 00:00:00,2025-01-01 00:00:00,2025-02-01 00:00:00,2025-03-01 00:00:00,2025-04-01 00:00:00,2025-05-01 00:00:00,2025-06-01 00:00:00,2025-07-01 00:00:00,2025-08-01 00:00:00,2025-09-01 00:00:00,2025-10-01 00:00:00,2025-11-01 00:00:00,2025-12-01 00:00:00,2026-01-01 00:00:00,2026-02-01 00:00:00,2026-03-26 00:00:00,2026-04-26 00:00:00,2026-05-01 00:00:00
,,,,,,,,,,,,,,,,,,,,,,,,,,,,,,,,,,,,,,,,,,,,,,,,,,,,,,,,,,,,,,,,,,,,,,,,,,,,,,,,,,,,,,,,,,,,,,,,,,,,,,,,,,,,,,,,,
Nivel general y divisiones COICOP,,,,,,,,,,,,,,,,,,,,,,,,,,,,,,,,,,,,,,,,,,,,,,,,,,,,,,,,,,,,,,,,,,,,,,,,,,,,,,,,,,,,,,,,,,,,,,,,,,,,,,,,,,,,,,,,,
,,,,,,,,,,,,,,,,,,,,,,,,,,,,,,,,,,,,,,,,,,,,,,,,,,,,,,,,,,,,,,,,,,,,,,,,,,,,,,,,,,,,,,,,,,,,,,,,,,,,,,,,,,,,,,,,,
Nivel general,1.3,2.5,2.4,2.6,1.3,1.4,1.7,1.5,2,1.3,1.2,3.4,1.6,2.6,2.5,2.6,1.9,3.9,2.8,4.1,6.6,5.1,2.9,2.8,2.8,3.8,4.8,3.2,3,2.6,2.1,3.9,5.8,3.2,4.1,3.8,1.9,1.8,3.6,1.4,1.5,2,1.6,2.8,2.8,3.6,3,3.7,3.3,3.6,5.2,4.1,3.4,3.1,3.1,2.6,3.8,3.8,2.3,4.1,3.9,4.6,6.7,6.2,4.8,5.5,7.4,7,6,6.6,5,5.3,6,6.7,7.8,8.6,8,5.8,6.2,12.3,12.2,8.6,12.9,25.1,19.6,15,11.5,9.2,4.3,4.4,4,4.1,3.7,2.8,2.6,2.9,2,2.2,3.9,2.8,1.5,2,1.9,1.9,2.1,2.4,2.5,2.8,2.8,2.6,3.4,2.8,2.3
Alimentos y bebidas no alcohólicas,1.3,1.8,3.5,2.3,1.1,1.3,1.2,2.2,1.9,1.5,1,0.5,2.6,2.4,2,0.8,3.7,4.7,4,3.5,7.3,6.1,3.1,1.6,3.8,5.5,5.8,2,2.6,2.7,2.5,4.3,5.7,2.5,5.7,2.8,4.6,2.4,3.8,3.2,0.3,1.2,1.3,3.7,2.8,4.8,2.1,2.8,4,4,4.9,4.7,3.1,3.4,3.6,1.4,3.3,3.6,1.8,3.9,5.2,8.6,6.1,5.9,4.4,5,5.9,6.9,7.1,6.7,3.1,5.5,6.6,10.2,9.7,10.1,5.7,3.6,6,15.2,13.2,8.7,16.8,29.5,19.6,13.4,11.5,5.7,5.4,2.2,3.6,2.9,2.2,1.2,1,2.2,1.9,3.2,6.3,2.8,0.4,0.9,2,1.5,2,2.4,2.8,2.6,5.1,3,2.9,1.2,2.8
Bebidas alcohólicas y tabaco,0.5,5,1.5,2.3,1.9,0.5,3.4,1.3,0.7,3.2,1.1,0.6,2.1,1.7,0.7,1.1,1.4,1.1,2.6,1.1,4.4,2.5,4.9,1.3,3.8,2.3,4.1,1.1,2.1,2.8,1.2,4.4,5.9,6.4,5.4,3.1,4.5,1.2,3.2,1,0,3.7,1.6,1.5,4.5,2.1,2.4,2.8,4.1,3.6,6.3,3.8,1.1,5.7,3.5,1.8,6.2,1.4,0.9,5.2,1.6,2.7,6,3.4,5.5,7,6.5,7.3,9.9,5.3,5.7,6.7,7.6,5.3,8.2,3.5,8,4.5,8.7,7.4,11.3,10.2,11.6,20.5,20.6,18.6,12.5,5.4,7.2,2.2,6.4,3.1,2.6,3.6,4,2.8,2.5,0.9,1,3.1,0.5,3,0.3,3.5,1.9,2.2,1.2,3.1,1.3,0.3,2.1,2.1,1.1
Prendas de vestir y calzado,-2.1,-0.5,4.8,5.1,0.6,0.6,-1.8,-0.9,5.9,1.6,1.1,0.7,-1.8,-0.6,6.8,3.3,1.7,2.1,-0.7,0.8,13.1,4.9,1.7,0.4,-0.9,1,8.4,6.2,2.5,1.3,0,3.1,11.7,4.6,4.1,2,0.6,2.3,4.1,1.4,10.1,5.2,1.4,2.6,7.5,6.2,3,4,0.1,2.3,16.2,4.9,0.2,3.9,0.6,3.9,6.7,5.8,3.3,5.4,2,2.9,13.6,10.7,5,5.5,7.4,9.7,11.2,6.7,4.1,4.1,1.4,4.6,10.7,12.3,7.8,3.6,2.6,8.3,17.6,10.7,8.9,18.5,11.1,6.7,12.2,10.2,2.4,1.8,0.8,2.1,7.3,4.5,1.8,1.4,-2.3,0.5,5.6,4.7,0.2,-0.1,-1.6,0.1,2.6,3.2,0.3,1.3,-1.5,-0.3,4.2,4.4,-0.3
"Vivienda, agua, electricidad, gas y otros combustibles",0,8.4,2.2,4.6,1.9,2.4,2.5,2.6,0.8,0.5,1,18.9,-1.6,4.9,1,6.7,-1.3,3.9,0,8.6,0.7,7.1,1,4.7,1.4,7.1,3.6,3.4,3.5,2.6,2.4,1.6,1.6,2,1.7,2.7,-0.6,1.2,2,0.2,0.3,0.7,0.5,2.5,1.1,2.2,2.5,4.1,-1,2.2,1,4.1,2.7,2.2,3.6,2.9,1.4,2.9,1.8,2.5,1,2.5,8.4,4.8,2.8,7.5,4.7,5.4,2.3,8.1,10.7,4.2,7.8,4.6,6.3,7.2,11.8,7.3,3.6,11.8,7,8.9,5.7,14.5,9.3,22.9,13.9,40.4,2.1,11.7,5,6.1,6.9,4.7,4.5,5.5,2.2,3.1,3,1.7,2.9,4.3,0.4,2.3,2.8,2.3,3.3,3.8,2.1,6,3.6,4.6,1.8
Equipamiento y mantenimiento del hogar,0.9,0.3,0.9,1,3,1.4,2.5,1,0.9,0.8,0.7,3,1.1,1.8,4.8,1.1,2.3,3.9,4.3,3.1,10,3.9,3.6,1.5,2.6,2.4,4.2,4.5,3.3,3.3,2.3,6.3,7.6,8.7,0,5.5,-1.9,1.9,3,1,2.9,4.5,4.4,3.5,2.9,4.7,3.9,1.9,2.7,5,3.1,4.7,2.2,3.3,2.7,3,3.9,2.8,2.8,3.5,3.6,4.3,4.3,5.5,5.3,6.3,10.5,8.6,6.1,4.2,5.6,6.3,5,5.1,5.9,8.8,8.5,8.5,5.9,14.4,11.9,11.4,12.2,30.8,20.8,10,4.8,6.4,3.1,2.2,3.2,4.2,2.8,2.6,1.3,0.5,1.6,1.2,1.4,1.2,1.4,2.1,1.6,0.8,2.6,2,1.1,2.3,1.5,3.1,1.3,3.1,1.1
Salud,1.4,3.3,1.9,1.4,1.5,1.3,3.4,2.9,2.4,0.8,1.2,2.9,1.9,2.7,1,1.5,2.3,4.8,2.4,5.1,4.3,5.8,3.4,6,2.2,3.6,2.8,3.1,5.5,2.7,3.9,5.4,7.6,4.6,5.8,6.4,-2.3,0.3,2.6,0.9,0.8,1.5,1.7,2.3,2.9,2.5,3.4,5.8,3.2,2.9,4,3.8,5.3,2.2,2.9,4.7,4.7,5.7,2.1,0.4,4.9,3.1,5.5,6.2,6.1,7.9,7,6.3,3.9,7.4,3.2,5.5,5.5,5.4,5.6,6.8,8.1,8.5,8.3,16.1,8,5.3,17.6,30.6,20.6,15,12.6,9.5,0.1,4.9,5.8,4.4,3.3,3.9,3.2,2.5,2.6,1.9,1.9,2.9,2.4,2.2,1.2,1.7,2,1.5,2.5,2.4,2.2,2.3,3,2.7,2.7
Transporte,1.8,1.8,1,0.5,1.1,0.3,1.4,1.1,0.9,0.8,2.7,2.9,2.1,4.5,1.3,5.3,2,6.5,4.3,3.3,10.6,7.1,3,3.1,3.3,2.6,4.3,3.9,2.9,2,0,4.2,4.5,2.5,3.7,4.4,0.8,1.4,2.2,1.9,0.2,1.9,1.8,2.8,3.4,4.1,4.1,5,2.9,4.8,3.7,5.1,6.3,3.3,1.5,2.3,3.7,3.2,1.7,6.7,2,4.1,5,6,5.4,3.4,4,8.3,6.5,3.5,7.2,5.1,6.3,4.5,5.8,7.3,9,6.5,3.9,9.3,10.1,5.9,9.8,30.7,25.1,32.8,12.2,5,4,3.8,1.7,6.9,4.4,1.5,4.5,1.7,0.8,1.6,1.7,1.7,0.5,2.2,3.1,4,2.9,3.4,2.8,4.2,1.2,2,4.7,3.7,2.4
Comunicación,3.8,4.1,2.4,6.8,0,1.9,0.5,1.9,0.9,4.8,0.6,2.3,1.9,7.7,2.3,0.7,3.6,0.2,0.4,15.3,1.4,0.2,4.6,6.7,8.2,1.5,4.2,3.3,1.2,7.9,0.2,1.4,6.7,0.1,6.8,10.1,0.1,2.5,8.3,-2.9,0.5,0.4,1.9,0.3,-0.8,-0.5,-1.8,-0.1,16.7,1,0.1,0.5,1.6,7,0.1,-1.2,3.9,1,-0.1,1.5,8.8,1.6,1.9,4.4,3.1,0.2,4.7,4,2.2,13.6,5.7,2.6,8.1,7.8,1.7,6.7,6.4,11,12.6,5,8.8,13.3,15.5,15.9,24.9,25,15.7,14.5,8.8,5.4,3.8,4.6,3.1,2.2,1.4,5,2.6,2.5,3.1,2.2,4.4,2,2.5,2,2.1,2.3,2.8,3.6,3.9,2.1,3,4,3.7
Recreación y cultura,3.2,0.1,1.4,3.4,0.9,3,3.1,0,3.4,0.5,0.1,0.7,3.9,0.3,1.2,2.1,2,3.9,4.8,1.4,8.1,2.2,4.2,2.5,3.2,2.5,0.9,3.3,2.7,3.2,4.1,5.3,7.7,2.3,2.8,2.9,5.5,1,3.3,2.1,3.2,5.1,2.2,3.3,2.5,2.5,5.5,4.9,4.4,2.7,3.5,2.7,3.8,1.8,3.9,3.8,3.4,4.8,0.9,4.5,5.1,1.4,2.4,5.8,5.2,5.2,13.4,5.1,4.9,5.3,4.3,3.9,10.5,5.4,3.5,7.3,10,6.1,12.3,11.5,14.8,9.8,13.4,21,24,8.7,8.6,6.9,5.5,5.8,5.4,3.1,1.8,3.4,2.5,4.4,2.7,2.7,-0.3,2.7,1,4.1,4.4,-0.2,2.1,1.5,2.7,2.7,1,1.3,3.2,1.5,3
Educación,0.5,4.4,6.7,3.9,1.9,0.7,0.7,1.5,5.2,0.7,0.4,0,0.1,1.5,14.7,0.6,0.3,1.5,2.2,2,2.2,2.9,1.1,2.1,0.3,2,17.7,1,5.3,2.1,2.2,1.9,0.9,1.3,7.5,3.7,1.1,0.8,20,-2.2,-2,-0.5,-0.5,1.1,0.2,0,0.5,0,0.7,0,30.1,3.1,2.7,1,3.9,4.4,3.7,1,0.4,1.6,0.7,2,22.1,3.5,3.4,2.2,7.9,3.8,3.4,10,3.6,5.5,0.7,4.2,24.6,5.5,4.9,6.8,7.2,9.5,10.2,6.6,10.2,7,0.8,14.9,47,8.4,8.9,5,3,6.7,3.8,2.7,4.2,2.3,0.4,1.6,16,1.7,1.7,3.7,1.6,1.4,3.4,1.6,3.1,-0.4,0.7,1.2,10.7,5.5,4
Restaurantes y hoteles,3.3,1.8,1,2,1,1.7,2.5,0.9,1.2,1.7,1.7,1.8,3.2,1.8,1.4,2.2,2.1,3.1,3,2.5,6.3,2.6,2.8,2.3,3.3,3.6,4.2,4,2.1,2.1,2.8,3.2,5.3,2.6,3.1,3.7,4.2,3.3,1.9,1.4,1.5,2,1.6,1.6,1.3,3.3,3.5,5.6,5.8,5.8,2.7,3.2,4.5,2.8,5.5,2,4.5,4.1,6,6.3,5.9,4.4,5.8,6.8,5.2,6.6,11.3,6.2,3.8,8,5.5,7.4,5.5,7.8,7.5,8.7,9.2,6.7,6.8,12.7,13.7,8.8,12.6,22.5,18.8,9.9,7.6,7.8,5.8,7.3,7,4.6,4.1,4,3.2,4.7,5.2,1.9,3.8,4.2,3,2.2,2.8,2.8,0.5,2.7,2.6,2.7,4.8,2.6,3.3,2.4,2.1
Bienes y servicios varios,2.1,2,1.4,1.9,1.4,1,1.5,1.5,1.9,1.5,1.2,0.8,3.3,1.4,2.4,1.4,1.5,2.8,4.3,5.5,7.5,6,3.5,3.4,3.9,2.3,3.3,2.7,2.5,1.5,3,4.1,8.1,3.7,4.3,3.6,3.3,2.7,2.2,-0.4,2.4,-0.5,3,5,2.8,1.9,3.3,1.3,2.1,3.3,2.2,3.9,2.5,1.6,3.7,3.1,1.8,3.9,2,2.9,4.9,4.4,5.9,4.9,4.4,5.3,8.2,8.2,7,6,5.9,6,7,7,6.2,6.9,7.1,6.4,6.5,9.2,12.6,6.3,11.5,31.2,43.8,14.8,9.1,5.2,4.7,2.6,3.5,2.5,3.5,3.3,2.6,2,3.3,3.2,4.3,2.6,3,0.8,2.6,2.2,2.2,2.3,2.5,3.4,2.9,3.5,1.8,2.9,2.4
,,,,,,,,,,,,,,,,,,,,,,,,,,,,,,,,,,,,,,,,,,,,,,,,,,,,,,,,,,,,,,,,,,,,,,,,,,,,,,,,,,,,,,,,,,,,,,,,,,,,,,,,,,,,,,,,,
Categorías ,,,,,,,,,,,,,,,,,,,,,,,,,,,,,,,,,,,,,,,,,,,,,,,,,,,,,,,,,,,,,,,,,,,,,,,,,,,,,,,,,,,,,,,,,,,,,,,,,,,,,,,,,,,,,,,,,
Estacional,1.6,0.5,3.7,2.5,-0.5,1.4,0.5,1.2,5.1,2.3,1,0.1,3.3,-0.9,2.6,-0.3,3.1,3.2,4.1,1.5,5.8,6.2,1.5,2,1.4,1.6,5.8,0.4,0.2,2.7,4.2,3,10.4,2.7,8.4,1.4,3.5,2.6,4.7,4.7,6.4,3.6,0,4.6,9.3,9,0.7,1.6,2,3.5,10.7,1.2,0.1,0.8,4.7,0.9,7.6,9.7,-1.5,5,9.2,8.3,6.1,5.9,2.9,7.1,11,7.4,11.6,8.7,3.7,5.7,6.1,4.3,11.3,13.4,6.1,0.5,4.6,10.3,15.9,8.1,12.2,16.1,16.5,9.4,12.3,8.9,8.4,2.3,5.8,-1.2,3.7,1.2,-1.2,-1.1,0.5,-1,9.7,1.7,-2.9,0.2,4,-0.5,2.4,3,-0.2,0.8,5.4,-2.7,1.2,0.2,3.4
Núcleo,1.3,1.8,1.8,2.3,1.6,1.5,1.8,1.5,1.8,1.1,1.3,2,1.5,2.2,2.5,2.1,2.6,4.2,2.9,3.2,7.8,4.3,3.2,2.9,2.9,3.7,4.3,3.7,3.3,2.6,2.1,4.7,6.3,3.8,3.7,3.9,2.1,2.1,3.3,1.6,1.4,2.3,2.3,3.2,2.2,3.4,4.1,4.5,3.2,4.3,4.3,4.8,3.6,3.5,3.4,3.1,3.4,3.3,3.3,4.6,3.3,4.5,6.1,7,5,5.3,7.4,6.9,5.5,5.8,4.9,5.6,5.5,7.5,6.8,8.4,7.9,6.5,6.4,13.5,12.7,9.2,13.8,28.5,19,12.9,9.7,6.4,3.9,3.9,3.9,4.3,3.4,3.1,2.8,3.5,2.3,2.8,3.2,3.2,2.1,2.1,1.5,2,1.9,2.4,2.8,3,2.7,2.9,3,2.3,2.1
Regulados,1.1,5.2,3.3,3.7,1.2,1,2.1,1.5,1.6,1.3,0.9,8.9,1.2,5.1,2.4,4.9,-0.1,3.5,2.1,7.3,4.1,6.7,2.7,2.8,3.2,4.9,5.7,3.1,3.4,2.7,1.6,2,3,1.8,3.6,4.6,0.8,0.7,4.1,-0.5,-0.1,0.6,0.5,0.8,1.5,1.2,0.7,2.5,4.3,1.5,5.1,3.5,4.6,2.8,1.2,1.9,3.5,2.1,0.8,1.6,3,2.4,9.1,3.3,5.3,5.1,4.7,6.8,4.2,7.9,6.5,4.1,7.5,5.4,9.1,5.6,9.7,7.3,6.6,8.9,7.4,6.7,9.6,17.4,24.6,28.7,18.2,20,3.4,7.2,3.5,6.6,4.6,2.8,3.8,2.9,2,2.1,3.4,1.7,1.6,2.7,2.3,2.4,2.6,2.2,2.8,3.1,2,4.1,5.4,5.2,2.3
,,,,,,,,,,,,,,,,,,,,,,,,,,,,,,,,,,,,,,,,,,,,,,,,,,,,,,,,,,,,,,,,,,,,,,,,,,,,,,,,,,,,,,,,,,,,,,,,,,,,,,,,,,,,,,,,,
Bienes y servicios,,,,,,,,,,,,,,,,,,,,,,,,,,,,,,,,,,,,,,,,,,,,,,,,,,,,,,,,,,,,,,,,,,,,,,,,,,,,,,,,,,,,,,,,,,,,,,,,,,,,,,,,,,,,,,,,,
Bienes,1,1.4,2.6,2.4,1.2,1.1,1,1.4,2.2,1.5,1.4,1.1,1.9,1.9,2.2,2,2.9,4.2,3.7,2.9,9.5,5.7,3.5,1.9,2.8,3.5,5.2,3.6,3.1,2.7,1.9,5.1,7.5,3.4,5.1,3.1,2.2,2,3.3,2.3,2.2,3,2.1,3.6,3.9,4.6,3,3.2,3.6,4.1,5.8,4.6,3.4,3.5,2.8,2.5,3.7,3.8,2.2,3.9,3.9,5.8,6.5,6.7,5.1,5.1,7,7.5,7.3,5.8,4.3,5.4,5.1,7.3,7.9,9.4,7.4,5.2,5.9,13.3,13.1,9.1,14.2,30,20.2,12.8,10.5,6.1,4,2.6,3.2,2.7,3.2,2.2,1.7,1.8,1.3,2.1,3.8,2.8,0.7,0.9,1.3,1.7,2.1,2.5,2.3,2.4,2.7,2.1,2.9,2.5,2.1
Servicios,1.7,3.9,2,2.9,1.4,1.8,2.7,1.6,1.9,1,0.8,6.7,1.2,3.5,2.9,3.4,0.6,3.6,1.6,5.6,2.9,4.1,2,4.2,2.9,4.3,4.3,2.8,3,2.5,2.5,2.1,3.4,2.9,2.4,4.9,1.3,1.5,4.1,0,0.4,0.6,0.9,1.5,0.9,1.8,2.9,4.7,2.7,2.7,4,3.2,3.3,2.3,3.6,2.7,4.1,3.8,2.4,4.3,3.9,2.3,7,5.2,4.1,6.2,8,5.9,3.7,8,6.3,5.2,7.6,5.6,7.6,7,9,7,6.7,10.2,10.4,7.7,10.2,14.8,17.9,20.3,13.8,16.1,5,7.8,5.6,6.8,4.6,4,4.3,4.6,3.1,2.5,4,2.7,2.7,3.8,2.7,2.1,2.1,2.3,2.8,3.4,2.8,3.4,4.1,3.2,2.5
,,,,,,,,,,,,,,,,,,,,,,,,,,,,,,,,,,,,,,,,,,,,,,,,,,,,,,,,,,,,,,,,,,,,,,,,,,,,,,,,,,,,,,,,,,,,,,,,,,,,,,,,,,,,,,,,,
,,,,,,,,,,,,,,,,,,,,,,,,,,,,,,,,,,,,,,,,,,,,,,,,,,,,,,,,,,,,,,,,,,,,,,,,,,,,,,,,,,,,,,,,,,,,,,,,,,,,,,,,,,,,,,,,,
,,,,,,,,,,,,,,,,,,,,,,,,,,,,,,,,,,,,,,,,,,,,,,,,,,,,,,,,,,,,,,,,,,,,,,,,,,,,,,,,,,,,,,,,,,,,,,,,,,,,,,,,,,,,,,,,,
,,,,,,,,,,,,,,,,,,,,,,,,,,,,,,,,,,,,,,,,,,,,,,,,,,,,,,,,,,,,,,,,,,,,,,,,,,,,,,,,,,,,,,,,,,,,,,,,,,,,,,,,,,,,,,,,,
Región Pampeana,2017-01-01 00:00:00,2017-02-01 00:00:00,2017-03-01 00:00:00,2017-04-01 00:00:00,2017-05-01 00:00:00,2017-06-01 00:00:00,2017-07-01 00:00:00,2017-08-01 00:00:00,2017-09-01 00:00:00,2017-10-01 00:00:00,2017-11-01 00:00:00,2017-12-01 00:00:00,2018-01-01 00:00:00,2018-02-01 00:00:00,2018-03-01 00:00:00,2018-04-01 00:00:00,2018-05-01 00:00:00,2018-06-01 00:00:00,2018-07-01 00:00:00,2018-08-01 00:00:00,2018-09-01 00:00:00,2018-10-01 00:00:00,2018-11-01 00:00:00,2018-12-01 00:00:00,2019-01-01 00:00:00,2019-02-01 00:00:00,2019-03-01 00:00:00,2019-04-01 00:00:00,2019-05-01 00:00:00,2019-06-01 00:00:00,2019-07-01 00:00:00,2019-08-01 00:00:00,2019-09-01 00:00:00,2019-10-01 00:00:00,2019-11-01 00:00:00,2019-12-01 00:00:00,2020-01-01 00:00:00,2020-02-01 00:00:00,2020-03-01 00:00:00,2020-04-01 00:00:00,2020-05-01 00:00:00,2020-06-01 00:00:00,2020-07-01 00:00:00,2020-08-01 00:00:00,2020-09-01 00:00:00,2020-10-01 00:00:00,2020-11-01 00:00:00,2020-12-01 00:00:00,2021-01-01 00:00:00,2021-02-01 00:00:00,2021-03-01 00:00:00,2021-04-01 00:00:00,2021-05-01 00:00:00,2021-06-01 00:00:00,2021-07-01 00:00:00,2021-08-01 00:00:00,2021-09-01 00:00:00,2021-10-01 00:00:00,2021-11-01 00:00:00,2021-12-01 00:00:00,2022-01-01 00:00:00,2022-02-01 00:00:00,2022-03-01 00:00:00,2022-04-01 00:00:00,2022-05-01 00:00:00,2022-06-01 00:00:00,2022-07-01 00:00:00,2022-08-01 00:00:00,2022-09-01 00:00:00,2022-10-01 00:00:00,2022-11-01 00:00:00,2022-12-01 00:00:00,2023-01-01 00:00:00,2023-02-01 00:00:00,2023-03-01 00:00:00,2023-04-01 00:00:00,2023-05-01 00:00:00,2023-06-01 00:00:00,2023-07-01 00:00:00,2023-08-01 00:00:00,2023-09-01 00:00:00,2023-10-01 00:00:00,2023-11-01 00:00:00,2023-12-01 00:00:00,2024-01-01 00:00:00,2024-02-01 00:00:00,2024-03-01 00:00:00,2024-04-01 00:00:00,2024-05-01 00:00:00,2024-06-01 00:00:00,2024-07-01 00:00:00,2024-08-01 00:00:00,2024-09-01 00:00:00,2024-10-01 00:00:00,2024-11-01 00:00:00,2024-12-01 00:00:00,2025-01-01 00:00:00,2025-02-01 00:00:00,2025-03-01 00:00:00,2025-04-01 00:00:00,2025-05-01 00:00:00,2025-06-01 00:00:00,2025-07-01 00:00:00,2025-08-01 00:00:00,2025-09-01 00:00:00,2025-10-01 00:00:00,2025-11-01 00:00:00,2025-12-01 00:00:00,2026-01-01 00:00:00,2026-02-01 00:00:00,2026-03-26 00:00:00,2026-04-26 00:00:00,2026-05-01 00:00:00
,,,,,,,,,,,,,,,,,,,,,,,,,,,,,,,,,,,,,,,,,,,,,,,,,,,,,,,,,,,,,,,,,,,,,,,,,,,,,,,,,,,,,,,,,,,,,,,,,,,,,,,,,,,,,,,,,
Nivel general y divisiones COICOP,,,,,,,,,,,,,,,,,,,,,,,,,,,,,,,,,,,,,,,,,,,,,,,,,,,,,,,,,,,,,,,,,,,,,,,,,,,,,,,,,,,,,,,,,,,,,,,,,,,,,,,,,,,,,,,,,
,,,,,,,,,,,,,,,,,,,,,,,,,,,,,,,,,,,,,,,,,,,,,,,,,,,,,,,,,,,,,,,,,,,,,,,,,,,,,,,,,,,,,,,,,,,,,,,,,,,,,,,,,,,,,,,,,
Nivel general,1.8,1.7,2.2,2.7,1.5,1,2,1.3,1.9,1.7,1.6,3.1,1.9,2.3,1.9,2.9,2.2,3.7,3.3,3.7,6.3,5.8,3.3,2.3,2.9,3.6,4.5,3.7,3,2.8,2.2,3.9,6.1,3.4,4.5,3.6,2.5,2.3,3,1.5,1.6,2.5,2.1,2.6,2.9,4,3.4,4.2,4.6,3.4,4.8,4,3.2,3.2,2.9,2.3,3.4,3.4,2.8,3.5,3.8,4.7,6.6,5.9,5.3,5.2,7.5,6.9,6.3,6.1,4.9,5.1,6.1,6.4,7.8,8.5,7.7,5.9,6.4,12.2,13.1,8.3,13,25.7,21.2,11.9,11.3,8.8,4,4.7,3.9,3.9,3.2,2.6,2.3,2.5,2.3,2.5,3.6,2.8,1.6,1.3,2,1.8,2,2.3,2.5,2.9,2.9,3,3.3,2.4,2
Alimentos y bebidas no alcohólicas,1.3,1.7,2.3,2,1.4,0.5,1.2,2.2,1.5,1.3,1.4,0.6,1.9,1.9,2.6,1.3,2.9,5.8,4,4.3,6.7,5.7,3.7,1.7,3,6.1,5.9,2.9,2.2,2.4,2.2,4.4,5.9,2.6,5.2,3.4,4.7,2.6,4.2,3.1,1.2,0.8,1.3,3.4,3,4.7,3.5,5.3,5.8,3.6,4.8,4,3.1,3,3.3,1.3,2.7,3.4,2.3,4.6,5,6.7,7.9,5.5,4.4,4.3,6.1,7.3,6.7,5.6,3.9,4.5,6.9,9.1,9.6,10.8,5.3,4.2,5.5,15.6,15.2,7,15.3,30,20.7,11.2,10.1,6.4,4.6,3.7,3,3.8,2.4,1.5,0.9,2.2,1.8,3.1,5.8,2.9,0.5,0.3,1.9,1.3,1.7,2.2,2.7,3.5,4.5,3.4,3.5,1.8,2.3
Bebidas alcohólicas y tabaco,1.3,3.9,2.4,2.4,1.5,0.8,2.8,1.1,0.7,2.9,1.2,0.6,2.6,1.7,0.7,1.4,1.6,0.7,2.4,1.6,4.5,2.2,4.2,1.4,3.2,2.3,4,1,2.3,2.6,0.6,4.3,5.4,5.9,5.6,3.2,4.3,1.3,2.4,1.7,0.2,3.7,1.2,1.1,4.1,2.1,3.4,3.6,5,3.4,6.8,3.3,2.1,5,2.8,2.1,5.6,2.9,1.1,5.7,2.1,2.4,5.6,3.5,5.3,6.9,6.7,6.8,8.7,5.8,7.1,7.5,7,5.1,8.1,4.1,8.9,4.4,9.4,9,11.5,9.8,12.1,20.2,21.9,17.2,12.2,5.3,6.5,2,5.9,3,2,2.6,3.8,2.3,2.4,1.8,0.7,2.6,0.6,2.6,1,3.5,1.3,2.4,1.1,2.7,1.6,0.8,2.2,1.5,0.8
Prendas de vestir y calzado,-0.4,0.3,2.5,5.2,2.9,1,-1,-0.6,2.5,2.9,1.7,0.8,0.2,-1.1,2.9,5.3,2.4,2,-0.4,-0.2,7.2,5.3,2.7,1.7,-1,0.6,5.7,7,4.3,2.3,0.1,3.1,7.7,4.7,4.8,2.7,1.4,2.6,4.5,1.5,5.9,8.3,4.6,1.9,4.1,7.2,3.8,3.1,2.2,3.1,7.1,7.2,3.5,3.2,1.1,2.8,5.5,4.6,5.7,3.7,2.6,3.9,9.1,8.9,6.7,6.1,9.1,10.1,10,6.9,4.9,3.8,3,3,9.3,9.5,7.7,4.8,3.1,9.9,13.8,12,11.3,16,12.5,7.3,11,9.2,4.8,3.6,1.9,1.5,4.9,4.3,1.9,1.4,0.8,0.5,4.1,2.8,1.5,1,-0.6,-0.8,1.4,1.4,0.9,0.9,0.4,0,2.4,2.1,0.8
"Vivienda, agua, electricidad, gas y otros combustibles",2.2,2.3,3,7.5,1.2,1.2,1.6,1.7,4.2,1.1,1.4,19.5,2.3,3.3,-1.1,8.6,-0.9,1.7,2.2,3.2,3.4,11.7,3.2,1.7,4.2,4.8,2.2,3,2.8,2.6,2,2.5,2.4,2.2,1.5,1.6,1.9,0.8,0.8,-0.3,-0.2,1.2,1.7,2.1,2.1,2.6,3,2.2,2.6,1.6,1.4,2.2,1.6,2.6,2.5,-1.1,2.4,2,2.7,1.9,2.1,3.7,6,4,3.3,6,4,4.9,3.3,6.7,7.7,4.4,8.7,5.6,7.6,4,12.4,5.5,3.7,7.1,9,7.7,7.9,13.7,17.2,15,15.9,33.9,3.4,14.7,4.9,6.2,7.2,5.7,4.8,6,6.4,4.2,2.6,2.1,2,3.2,2.4,3,3.7,3.2,3.5,3.3,3.3,6.6,3.2,2.4,2.4
Equipamiento y mantenimiento del hogar,0.8,0.7,0.5,1.1,2.7,1.3,2.5,1.1,1.2,0.6,1.2,3,0.9,1.8,4.5,1.3,2,4.2,4.1,2.9,9.7,4.3,3.3,2.2,2.7,3,3.7,4.6,3.1,3.7,2.8,5.6,7.5,7.8,0.8,5.3,-1,2.4,2.8,1.5,2.9,3.6,3.2,3.4,2.3,4.3,3.7,2.9,2.9,4.1,3.4,4.2,2.6,3.1,2.7,3.5,3.2,2.7,2.6,3.4,3,4.7,4.6,5.5,5.6,5.8,10.2,8.4,6,5.5,5.5,5.5,5.6,4.6,5.8,8.5,9,7.7,5.9,13.4,13.1,10.1,12.4,31.5,22.8,10.9,5.8,6.7,3.4,2.3,3.7,4.3,2.5,2.7,1.9,1.3,1.5,0.6,1.7,0.7,1.5,1.6,1.6,1.1,2,1.4,1,1.8,2.2,2,1.5,2.9,1.6
Salud,3.2,2.3,1.9,2,1.5,1.6,3.6,2.3,2.4,1.2,1.5,2.2,1.7,2.2,1.3,2,1.9,3.8,3.2,3.4,4.6,5.5,6.9,4.8,3.2,3,3.2,3.8,4.9,3.9,4.6,5,9.2,4.9,6.6,5.1,-1.9,0.6,2.6,1,1,3.1,2.5,2.3,4,3.5,3.7,5.1,3.3,3.6,4.3,3.7,4.3,4,4.6,3.9,4.2,4.3,2.5,0.4,3.7,3.8,4.4,6.8,6.3,7.1,7,5.3,4.2,7.3,4.5,6,4.6,5.4,5.9,6.5,9.2,8.5,9.5,14.5,10.3,5.4,14.2,34,20.4,12.9,12.5,9,0.8,4.4,6.3,4,3.2,3.2,2.9,2,2.1,2.3,1.5,2.1,3,2.1,1.1,1.7,2.6,2.3,2.3,1.9,2.5,2.6,2.4,2.5,2.5
Transporte,2.4,2,1.2,0.7,0.7,0.7,2.9,1.1,0.6,1.7,3.5,3.4,1.8,4.6,1.9,3.1,1.6,5.9,5.8,4.8,10.6,8.1,2.4,1,2.2,1.7,4,5,4.1,1.3,1.9,3.9,4.9,4.8,5.4,5,1.9,2.2,0.9,1.1,2,2.2,1.8,2.7,4,4.3,3.1,4.8,5.6,4.9,4.5,6.3,5.6,3.2,2.9,2.3,2.7,2.9,2.3,3.6,3.5,5.5,5.5,4.9,7.1,5.8,6.9,5.9,5.4,4.8,5.2,6.1,5.9,4.8,5,5.8,8.6,6.8,6,11.2,11.3,8.5,11.1,31.5,25.9,13.9,13.5,8.7,2.8,4.3,3.3,3.9,2.6,0.8,2.5,2.3,1.2,1.9,2,1.6,0.3,1.2,2.2,3.2,2.8,3.8,3.1,3.6,2,1.9,3.6,4.7,1.8
Comunicación,2.1,4.6,4,6.4,0.9,0.8,1.6,0.9,1.4,6,0.7,1.5,2,10.8,3.2,1.3,4.9,0.4,0.6,10.9,3.1,1.2,1.4,8.7,6.5,0.7,4.5,3.2,2.4,6.6,0.1,0.9,6.8,0.6,7.9,9.3,0.1,2.7,7.8,-5.5,0.2,0.6,-0.7,0,1.5,0.5,0.2,-0.1,13.3,2.9,-0.5,0.5,0.2,7.1,0.3,-0.3,1.7,1.5,2.1,2,6.2,1.1,5.5,2.9,2.8,0.2,6.1,3.8,2.4,11,7.6,3.5,7.4,9,2,5.8,7.2,11,12.1,3.7,10.6,12.5,15.4,14.8,24.8,25.7,17.4,13.6,7.5,5.1,2.5,5.1,3,2.1,1.4,5,2.1,1.9,2.1,3.1,3.9,1.9,2.1,1.9,2.2,2,2.6,3.1,3.4,1.6,2.9,4.1,2.9
Recreación y cultura,3.6,0.9,1.9,1.6,-0.2,1.8,4.9,0.6,2.5,1.9,1.3,0.7,3.3,1.7,0.5,1.6,3.5,3,5.9,6.3,5.3,2.6,1,2.5,3.8,1.7,3.5,2.4,1.8,4.4,3.8,2.6,7.7,1.1,3.7,1.5,5.5,3,1.3,2.6,0.3,4.5,4.3,3.5,0.9,3,5.3,7.1,5.7,1.6,8.8,-0.7,2.4,2.6,1.9,3.7,4.4,3.2,1.9,3.5,3.3,2.4,4.5,4.8,4.9,3.7,14.3,4,5.8,6,3.4,4.7,7.9,6.3,4.5,9.1,7.2,6.8,10.9,10.8,15.8,7.9,14,18.2,25.6,8,9.4,6.2,3.5,6.4,6,4.6,2,2,3.1,0.9,2,4.3,0.2,6.5,2.6,0.5,6.4,1,0.2,1.8,2.7,2.6,0.2,4.3,4.4,0.1,2.6
Educación,0.4,1.6,12.5,1.8,1.9,1.9,0.8,3.2,3.4,0.8,0.3,0,1.2,3,10.5,0.3,2,1.4,1.5,2.2,1.4,1.4,1,0,0.1,1.9,15.9,1.4,2.6,2.1,1.8,3,1.2,1.9,2.4,0.4,-0.1,1.6,14.3,-1.9,1.6,1.2,0.7,0.5,0.4,0.2,0.3,0.1,0,0.1,29.7,1.9,1.9,1.6,1.3,4.6,2.9,2,1.7,0.5,0.7,2.7,25.8,4.1,3.8,2,3.8,6.5,4.4,5.5,5,2.9,2,0.8,31.6,5.8,5.1,6,4.7,7,6.4,7.9,6.5,5.3,0.6,2.3,62.1,8.3,5.7,5.8,4.5,5.5,5.3,3.9,7.1,2.4,0.4,1.8,26.6,3.3,1.4,4.2,2.1,1.9,2.8,2,1.4,1.4,0.6,0.3,12.1,3.9,2.2
Restaurantes y hoteles,3.1,1.3,1.1,1.8,2,1.1,3.2,0.3,1.7,1.2,2.1,1.9,2.7,1.9,1.4,2.8,3.2,2.1,2.4,2.4,4.7,3.9,2.5,3,3.6,4,4.2,4.3,2.2,2.8,2.5,3.9,5.1,2.3,3.5,3.1,3.8,3.9,1.9,1.5,1.6,2.5,2.1,2.4,2.6,3.6,3.1,3.6,4.6,5.2,3.1,4.5,2.7,3.5,3.9,4.2,3.9,4.6,4.4,4.6,4.9,3,5.2,8.3,6,5.5,8.8,7.1,5.8,7.2,5.9,6.7,6.3,6.7,8.3,10.8,10.4,7,8.6,11.4,13.1,8.7,12.1,20.2,19.9,11.9,9.1,7.2,5.7,5.8,5.6,4.5,3.7,4,3.7,4.4,5.3,2.5,3.8,3.9,3.5,1.8,2.5,3.7,1.7,2.1,2.8,4,3.8,3.5,3.8,2.6,1.3
Bienes y servicios varios,1.6,1.9,2.2,1.6,1,1.7,1.4,1.4,1.7,1.3,1.4,1.3,1.9,2.2,1.4,2,2.4,3.3,3.8,4.6,8.4,6.6,4.6,3.1,3.1,3.8,2.7,3.3,2.9,2.6,2.3,4.5,8,3.7,5.1,3.8,2.9,2.3,1.7,0.8,1.5,1.2,1.6,2.1,1.2,2.1,2.2,2,2.2,3.3,2.1,3.3,3.6,2.4,3,3.6,2,2.9,1.9,3.6,3.8,4.2,5.1,5.5,4.5,4.6,8.1,9.5,6.7,5.7,5.7,5.5,6.6,6.2,6.8,6.6,6.8,6.5,6,9.1,10.6,9.1,11.3,34.5,42.6,17.3,10.8,6.1,4.3,3.5,3.1,2.4,3.1,2.5,2.2,2.4,1.8,2.7,2.2,2.4,2.1,1.6,1.9,2.5,2.1,2.6,2.6,2,2.6,3.3,1.6,1.9,2.3
,,,,,,,,,,,,,,,,,,,,,,,,,,,,,,,,,,,,,,,,,,,,,,,,,,,,,,,,,,,,,,,,,,,,,,,,,,,,,,,,,,,,,,,,,,,,,,,,,,,,,,,,,,,,,,,,,
Categorías ,,,,,,,,,,,,,,,,,,,,,,,,,,,,,,,,,,,,,,,,,,,,,,,,,,,,,,,,,,,,,,,,,,,,,,,,,,,,,,,,,,,,,,,,,,,,,,,,,,,,,,,,,,,,,,,,,
Estacional,2.1,0.5,1.5,4.2,1.7,0.7,1,0.9,3,2.5,2.6,0.2,2.7,-0.9,0.8,2.2,2.2,3.7,3.1,1.6,2.6,6.5,4.8,0.7,0.9,1.5,4.2,2.7,0.5,2.4,3.8,3.8,6.9,2.8,7.3,2.2,4.1,2.2,5.2,4.6,3.3,5.7,1.2,3.6,6.5,10.2,3.5,0.8,3.7,2.6,5.6,3.3,2.4,0,5.3,-0.1,5.5,7.4,2.3,2.6,9.7,8.7,6.4,4.1,3.8,6.3,12.1,9.3,11.7,8.8,4.6,4,9.4,2.4,9.2,13.2,5,2.4,5.4,10.6,14.2,7.4,13.9,15.9,16.8,7.6,11.3,10.8,5.8,6.2,5,2.2,2.3,2,-1,-1.5,0.8,-0.5,7.4,1.8,-3,-0.1,4.9,-1.7,1.4,2.3,1,0.7,6.3,-0.8,0.7,-0.5,3.5
Núcleo,1.6,1.6,2.1,1.9,1.6,1.1,1.9,1.4,1.5,1.5,1.3,1.5,1.6,2.1,2.6,2.1,2.9,4,3.4,3.6,7.4,4.6,3.2,2.6,3,4.1,4.7,3.9,3.2,2.8,2.1,4.4,6.7,3.9,4.2,3.5,2.6,2.6,3,1.7,1.8,2.5,2.8,2.9,2.4,3.6,3.9,5.1,4.6,3.8,4.9,4.2,3.4,3.7,2.7,3.2,3.2,3.1,3.3,4.1,3.1,4.2,6.5,6.5,5.4,4.9,7.3,6.7,5.6,5.4,4.7,5.1,5.1,7.5,7.5,8.5,8,6.6,6.6,13.6,13.8,8.7,13.4,28,20.7,12.1,9.7,6.4,3.8,3.7,3.7,4,3.2,2.8,2.6,2.9,2.4,3.1,3.2,3.3,2.4,1.3,1.5,2.1,1.9,2.2,2.6,3.1,2.6,3.4,3.4,2.3,1.7
Regulados,2.2,3,3.2,4.6,0.8,0.7,2.6,1.4,2.6,1.9,2,10.2,2.3,5,0.7,5.4,0.4,2.7,3.1,5.2,5.1,9,2.8,2.3,3.6,3.1,4,3.5,3.4,3,1.9,2.3,3.8,2.5,4.1,4.8,1.5,1.1,2.2,-0.9,-0.2,0.8,0.5,1.1,2.5,1.8,1.4,3,5.5,2.5,3.8,3.5,3.1,3.5,1.8,0.1,2.8,1.9,1.2,1.9,2.6,3.7,7.4,4.4,6.1,5.3,5,6,4.6,6.9,6.1,6,7.2,5,7.8,4.3,8.8,6.1,6.9,7.6,8.7,7.3,10.2,23.6,28.1,14.4,19.3,18,3.8,7.9,4.1,4.7,4.1,2.1,3.5,3.6,3.2,2.2,3,1.8,1,2,2.4,2.9,2.8,2.9,2.7,3.6,2.3,3.9,4.4,4.2,2.3
,,,,,,,,,,,,,,,,,,,,,,,,,,,,,,,,,,,,,,,,,,,,,,,,,,,,,,,,,,,,,,,,,,,,,,,,,,,,,,,,,,,,,,,,,,,,,,,,,,,,,,,,,,,,,,,,,
Bienes y servicios,,,,,,,,,,,,,,,,,,,,,,,,,,,,,,,,,,,,,,,,,,,,,,,,,,,,,,,,,,,,,,,,,,,,,,,,,,,,,,,,,,,,,,,,,,,,,,,,,,,,,,,,,,,,,,,,,
Bienes,1.3,1.6,1.9,2.4,1.6,0.9,1.4,1.3,1.7,1.6,1.8,1.3,1.5,1.6,2.1,2.4,2.5,4.6,3.6,3.2,8,6,3.9,1.9,2.4,3.9,4.8,4,3.2,2.7,2.1,4.6,6.9,3.7,5.4,3.4,2.8,2.2,3.2,2.3,2,3,2.5,3,3.4,4.7,3.7,4.3,4.7,3.9,4.7,4.7,3.6,3.3,2.9,2.4,3.3,3.6,2.9,3.6,3.8,5.2,6.9,6.1,5.6,5.2,7.6,7.4,6.8,5.9,4.8,5.1,5.5,6.6,7.9,9.1,7.4,5.6,6,13.7,13.7,8.3,13.8,29.2,21.4,11.3,9.7,6.7,4,3.5,3.2,3.4,2.9,2,1.6,1.9,1.6,2,3.6,2.5,1.1,0.8,1.4,1.5,1.8,2.1,2.3,2.7,3,2.4,3,2.6,1.8
Servicios,2.9,2.1,2.8,3.4,1.3,1.3,3.3,1.5,2.4,1.9,1.3,7,2.5,3.8,1.6,3.8,1.6,1.9,2.7,4.8,2.9,5.4,2,3.2,3.9,2.9,3.8,2.9,2.4,2.9,2.5,2.2,4.1,3,2.5,4.1,1.9,2.4,2.6,-0.5,0.6,1.4,1.3,1.6,1.5,2.1,2.4,3.8,4.4,2.2,5.1,1.7,2.1,3.1,2.7,1.9,3.7,2.9,2.6,3.2,4.1,3,5.7,5.2,4.3,5,7.4,5.4,4.6,6.9,5.5,5.1,8,5.7,7.4,6.9,8.6,6.8,7.9,7.7,10.8,8.2,10.4,13.2,20.4,14.2,17.6,16.6,4,8.8,6.2,5.6,4.3,4.2,4.5,4.2,4.4,3.8,3.7,3.5,2.8,2.7,3.6,2.7,2.5,2.9,3,3.5,2.7,4.5,4,2,2.4
,,,,,,,,,,,,,,,,,,,,,,,,,,,,,,,,,,,,,,,,,,,,,,,,,,,,,,,,,,,,,,,,,,,,,,,,,,,,,,,,,,,,,,,,,,,,,,,,,,,,,,,,,,,,,,,,,
,,,,,,,,,,,,,,,,,,,,,,,,,,,,,,,,,,,,,,,,,,,,,,,,,,,,,,,,,,,,,,,,,,,,,,,,,,,,,,,,,,,,,,,,,,,,,,,,,,,,,,,,,,,,,,,,,
,,,,,,,,,,,,,,,,,,,,,,,,,,,,,,,,,,,,,,,,,,,,,,,,,,,,,,,,,,,,,,,,,,,,,,,,,,,,,,,,,,,,,,,,,,,,,,,,,,,,,,,,,,,,,,,,,
,,,,,,,,,,,,,,,,,,,,,,,,,,,,,,,,,,,,,,,,,,,,,,,,,,,,,,,,,,,,,,,,,,,,,,,,,,,,,,,,,,,,,,,,,,,,,,,,,,,,,,,,,,,,,,,,,
Región Noroeste,2017-01-01 00:00:00,2017-02-01 00:00:00,2017-03-01 00:00:00,2017-04-01 00:00:00,2017-05-01 00:00:00,2017-06-01 00:00:00,2017-07-01 00:00:00,2017-08-01 00:00:00,2017-09-01 00:00:00,2017-10-01 00:00:00,2017-11-01 00:00:00,2017-12-01 00:00:00,2018-01-01 00:00:00,2018-02-01 00:00:00,2018-03-01 00:00:00,2018-04-01 00:00:00,2018-05-01 00:00:00,2018-06-01 00:00:00,2018-07-01 00:00:00,2018-08-01 00:00:00,2018-09-01 00:00:00,2018-10-01 00:00:00,2018-11-01 00:00:00,2018-12-01 00:00:00,2019-01-01 00:00:00,2019-02-01 00:00:00,2019-03-01 00:00:00,2019-04-01 00:00:00,2019-05-01 00:00:00,2019-06-01 00:00:00,2019-07-01 00:00:00,2019-08-01 00:00:00,2019-09-01 00:00:00,2019-10-01 00:00:00,2019-11-01 00:00:00,2019-12-01 00:00:00,2020-01-01 00:00:00,2020-02-01 00:00:00,2020-03-01 00:00:00,2020-04-01 00:00:00,2020-05-01 00:00:00,2020-06-01 00:00:00,2020-07-01 00:00:00,2020-08-01 00:00:00,2020-09-01 00:00:00,2020-10-01 00:00:00,2020-11-01 00:00:00,2020-12-01 00:00:00,2021-01-01 00:00:00,2021-02-01 00:00:00,2021-03-01 00:00:00,2021-04-01 00:00:00,2021-05-01 00:00:00,2021-06-01 00:00:00,2021-07-01 00:00:00,2021-08-01 00:00:00,2021-09-01 00:00:00,2021-10-01 00:00:00,2021-11-01 00:00:00,2021-12-01 00:00:00,2022-01-01 00:00:00,2022-02-01 00:00:00,2022-03-01 00:00:00,2022-04-01 00:00:00,2022-05-01 00:00:00,2022-06-01 00:00:00,2022-07-01 00:00:00,2022-08-01 00:00:00,2022-09-01 00:00:00,2022-10-01 00:00:00,2022-11-01 00:00:00,2022-12-01 00:00:00,2023-01-01 00:00:00,2023-02-01 00:00:00,2023-03-01 00:00:00,2023-04-01 00:00:00,2023-05-01 00:00:00,2023-06-01 00:00:00,2023-07-01 00:00:00,2023-08-01 00:00:00,2023-09-01 00:00:00,2023-10-01 00:00:00,2023-11-01 00:00:00,2023-12-01 00:00:00,2024-01-01 00:00:00,2024-02-01 00:00:00,2024-03-01 00:00:00,2024-04-01 00:00:00,2024-05-01 00:00:00,2024-06-01 00:00:00,2024-07-01 00:00:00,2024-08-01 00:00:00,2024-09-01 00:00:00,2024-10-01 00:00:00,2024-11-01 00:00:00,2024-12-01 00:00:00,2025-01-01 00:00:00,2025-02-01 00:00:00,2025-03-01 00:00:00,2025-04-01 00:00:00,2025-05-01 00:00:00,2025-06-01 00:00:00,2025-07-01 00:00:00,2025-08-01 00:00:00,2025-09-01 00:00:00,2025-10-01 00:00:00,2025-11-01 00:00:00,2025-12-01 00:00:00,2026-01-01 00:00:00,2026-02-01 00:00:00,2026-03-26 00:00:00,2026-04-26 00:00:00,2026-05-01 00:00:00
,,,,,,,,,,,,,,,,,,,,,,,,,,,,,,,,,,,,,,,,,,,,,,,,,,,,,,,,,,,,,,,,,,,,,,,,,,,,,,,,,,,,,,,,,,,,,,,,,,,,,,,,,,,,,,,,,
Nivel general y divisiones COICOP,,,,,,,,,,,,,,,,,,,,,,,,,,,,,,,,,,,,,,,,,,,,,,,,,,,,,,,,,,,,,,,,,,,,,,,,,,,,,,,,,,,,,,,,,,,,,,,,,,,,,,,,,,,,,,,,,
,,,,,,,,,,,,,,,,,,,,,,,,,,,,,,,,,,,,,,,,,,,,,,,,,,,,,,,,,,,,,,,,,,,,,,,,,,,,,,,,,,,,,,,,,,,,,,,,,,,,,,,,,,,,,,,,,
Nivel general,1.6,2.1,3.2,2.7,1.5,0.9,1.4,1.3,1.8,1.9,1.3,2.3,1.9,2,3.1,2.8,2.3,3.4,3.4,4,6,5.3,3.3,2.3,3.2,4.2,4.9,3.6,3.9,2.8,2,4.1,5.8,2.9,3.9,3.7,2.4,1.8,3.8,2.6,1.7,2.2,1.9,2.6,2.3,4.1,3.1,4.3,5.5,3.3,4.2,4,3.2,3.3,2.8,2.4,3.3,3.2,2.7,4,4,4.9,6.8,6.4,5.6,5.2,6.7,7.6,6.1,6.3,4.6,4.7,6.3,7.3,7.3,7.7,8,6.6,6.1,13.7,13.2,7.7,11.8,25.2,21.7,11.7,8.8,9.1,4.2,4.8,3.6,5,3.4,2.6,1.9,2.7,2.6,2.6,4.3,2.9,1.2,1.2,1.7,2,2.2,2.1,2.3,2.6,2.8,3.5,4,2.5,2.1
Alimentos y bebidas no alcohólicas,1,2.8,2,2.2,1.1,0.6,1,1.3,2.7,1.9,0.9,1.2,1.5,1.8,3.1,1.1,2.9,5.4,4.3,5.3,6.2,5.5,2.9,2,3.2,6.9,6.2,2.5,2.2,2.1,1.4,5.3,5.7,1.7,3.9,3.3,4.7,3.7,5,4.7,0.6,1.1,0.5,2.7,3.1,5.5,2.1,6.4,5.4,3.9,3.5,3.9,3.3,3.4,2.8,1.5,2.6,3.6,2.4,4.7,5,6.3,8.7,6.3,4.7,4.3,5.5,7.1,5.3,5.6,3.9,3.3,7.9,10.6,8.3,8.4,7.9,5.1,5.2,17.9,14,6.9,13.2,29.3,21.8,9.4,8.2,7.7,4.7,3.2,1.7,4.5,2.1,0.8,0.1,2.4,2,3.6,6.1,3.3,0.7,0.2,1.6,0.9,1.7,2.2,3.3,3.5,4.1,4.1,4.4,1.5,2.1
Bebidas alcohólicas y tabaco,1.3,4.1,1.6,2,1.8,0.3,2,1.9,0.7,2.7,0.7,0.5,2.4,2.1,0.5,1.2,1.8,0.9,2.8,1.4,4.4,2.5,5.1,1.3,3.5,2.5,4.2,0.7,2.1,2.8,0.3,4.6,5.8,6.3,5.7,3,4.3,1.5,2.9,1.5,0.5,4,1.3,1,4.2,1.6,4,3.7,4.9,4,6.5,3.2,2,5.2,3.3,2.1,5.7,2.7,1.5,5.3,1.6,2.8,5.2,3.2,6.5,5.6,6.1,6.9,9.5,5.2,6.2,7.4,7.3,4.9,8.8,4.3,8.5,5,8.7,10.3,12.2,8.9,11.4,20.4,19.2,15.3,12.6,5.3,6.2,1.5,6.1,3.1,1.5,2.5,4.2,1.6,2,1.6,0.5,2.3,0.5,2.6,0.8,3.3,1.4,3.1,1.1,2.5,1.6,0.4,2.4,1.8,0.4
Prendas de vestir y calzado,0.5,-0.1,1.8,3.6,1.9,2.9,-0.3,-0.3,1.3,3.1,1.5,0.7,-0.3,-0.6,1.2,4.3,2.9,1.6,1.5,-0.2,5.9,5.8,2.8,0.9,0.4,1.3,3,5.3,4,3.2,1.3,2.6,9.3,4.4,4,2.9,1.4,1.5,3.7,2.6,6.8,8.4,4.2,2.9,2.8,6.5,5.5,3.7,3.9,2.4,6,6,3.3,2.4,1.7,3.5,6,4.1,4.2,4.9,3.3,3.3,6.4,10.9,5.1,5.6,10.1,11.7,11.1,7.3,4.7,4.2,2.5,3.6,5.7,10.5,7.4,5.6,3.5,9.9,15,9.9,10.1,15.7,11.6,6.6,6.7,10.1,4.1,3,2.7,3.8,5.1,4,1.7,2.5,0.6,0.7,3,3.9,1,1.9,-0.3,-0.3,2.2,2.3,1.1,0.8,0,0.4,1.5,2.4,0.3
"Vivienda, agua, electricidad, gas y otros combustibles",1.6,6,12.7,8.6,2.9,0.6,1.6,0.8,1.1,0.9,1.1,13.6,4.4,2.4,2.2,11.4,1.7,1.9,1,6.3,2.7,7.3,2.5,1.3,5.8,7.4,2.4,3.1,12.5,3.1,1.2,2.1,1.1,0.7,0.4,2.4,1,-3.7,0.6,0.2,0.1,0.7,1.1,2.8,0.8,1.4,0.8,1.4,7,0.8,1.5,4.2,1.6,4.5,1.2,0.7,1.8,1.4,2.6,1.6,2.1,0.4,5.6,4.8,10,9.1,4.6,8.5,2.2,8,5.9,3.5,7.3,2.9,5.2,4.1,9.8,19.7,3.9,5.1,12.3,3.8,7.4,9.9,21.7,27.4,5.9,31.4,0.7,20.2,7,17,9.8,5,2.4,5.1,5.5,2.7,2.4,1.5,2.6,1.8,2.3,3.3,2,2.3,3.3,2.4,2.7,9.2,4.1,3.7,4
Equipamiento y mantenimiento del hogar,0.4,0.2,1.4,1.1,2.8,0.5,2.7,0.7,1.1,1,1,2.5,1.5,1.6,3.9,1.1,2,3.4,4.2,3.2,9.5,4.8,3.1,1.8,2.9,2.8,3.5,5.2,3.3,3.4,2,6.8,7.2,8.3,0.6,5.5,-1,1.8,2.8,1.6,2.6,4.1,3.7,2.9,1.6,4.6,5.3,2,3,4.9,3,3,2.5,3.3,2.3,3.3,3.8,2.7,2.5,2.8,3.7,4.2,4.4,5.7,5.7,5.8,10,8.5,5.6,5.5,4.6,6.4,5.7,5.4,6.4,8.6,9.5,7.7,6.2,15.6,12,10.4,13.4,28.4,24.5,10.6,3.8,6.2,3.1,2.4,4,4.2,2.5,2.6,1.3,0.9,1.8,1,1.7,0.6,1.2,2.1,1.3,0.5,2.3,1.5,1.1,1.7,2.1,2.6,1.2,2.2,1.9
Salud,2.7,1.3,2.8,2,1.6,1.6,3,2.1,1.9,1.4,1.2,1.4,1.6,1.7,1.7,1.8,3,3.1,3.5,3,4.4,4.5,8.9,3.9,4.5,2.4,5.2,4,3.7,5,3.4,4.7,9.7,4.5,7.5,4.1,-1.1,0.2,2.6,2.2,1.5,3.3,2.5,2.8,3.7,3.6,4.6,4.3,5.2,3.2,3.6,3.5,4.8,4.6,4.2,3.3,3.6,3.2,2.8,0.9,3.1,4.3,5.2,5.4,5.9,7.6,6.1,5.1,5.7,6,5.7,5.5,4.3,5.1,5.6,6.2,10.4,9.4,10,14.3,11.8,4,14.9,34.7,20.2,11.6,10.9,8.3,1.9,5.4,4.7,4.2,3.2,3,2.4,1.7,2.9,1.8,2.4,2.3,3.5,1.9,0.6,1.5,3,1.5,2.5,1.9,2.6,2.3,2.4,2.1,2.6
Transporte,2.9,2.6,0.8,0.5,1.2,0.9,2.9,1.2,0.7,1.3,2.8,3.2,2,4.8,3.9,2.5,2.2,4.7,5.2,4.5,7.8,8.1,2.7,2.9,0.7,1,4.7,5,4.7,0.4,2.9,2.4,4.6,2.7,5.8,5.2,1.7,1,0.5,1.8,1,0.4,2.2,2.6,2.4,3.7,3.7,4.6,7,4.1,5.6,5.4,5.2,3.3,2.7,1.9,2.2,2.5,2.4,3.6,2.7,5.7,6.1,5.1,6,5.1,5.5,6.1,6.7,5.6,5.1,6.2,4.9,5.4,5.4,5.4,6.4,5.9,6.9,11.3,12.3,7,10.9,33.8,29.6,17.3,11.4,7,5.5,4.7,2.8,2.9,3.3,1.9,2.7,2.3,2.1,2.5,1.9,1.3,-0.3,1.4,3,3.5,3.6,2.4,2.5,4.6,2.5,3.6,5.1,5.3,0.9
Comunicación,4.1,2.9,5.7,6.6,0.2,0.8,-0.1,2.3,1.2,5.2,1.3,0.7,2.9,11.2,3.3,2.6,3.6,0.5,1,8.7,3,1.5,2.2,7.4,6.3,0.8,4.1,6.1,2.8,6.1,0,1.4,7.3,1,7.8,10.4,0.1,1.1,9.3,-4.3,0.6,-0.7,-0.3,2.3,-1,-1.2,2,-0.3,15.7,1.5,0.6,0.5,0.5,6.7,2.1,0.5,1,0.9,1.7,2.2,6.6,1.9,4,3.2,3.8,0.9,6,4.4,3.1,11.1,4.4,5.5,9.3,6.2,2.9,6.5,6,10.7,11.1,4.4,10.6,11.7,14.3,16.3,25.9,20.7,13.6,14.4,7.6,5.5,3.5,5.1,2.1,1.3,2.5,5.8,2.3,2.4,1.5,4.5,4.4,0.5,2,0.9,2.7,2.4,2.5,2.8,3.3,1.8,3,4,3.8
Recreación y cultura,3.4,0.1,1.6,2.4,1.1,1.3,2.5,3.1,1.4,1.6,2.4,1.4,3,1.1,4.4,2.9,0.7,1.7,3.6,3.2,6.8,4.4,2.5,3,3.2,2.6,1.5,4.6,2.5,4.4,3.6,4.1,5.7,3.2,2.7,4.6,2.8,2.6,3.3,2.6,3.1,1.4,5.1,2.4,2.7,0.5,3.5,4.4,5.1,2.6,2.7,3,2.4,1.7,3.6,4.8,3.7,4.8,1.8,3.6,3.4,4.2,3.3,6.1,7.7,2.4,10.3,7.6,4.3,7.2,3.6,6.4,7.3,10.9,4.5,4.3,5.4,5.9,9.3,10.8,15.7,10.7,10.4,20.4,22,8.4,6.1,11.9,3.2,4.3,7.5,3.1,2.5,3,5.8,2.6,2.1,1.2,0.9,4.4,1.6,1.9,2.7,2.3,2.5,1.8,0.8,1,2.5,0.3,4.8,1.4,2.8
Educación,0.5,2.3,27.1,0.8,0.9,0.3,1.4,1.5,1.3,0.3,0.1,0,0.6,0.3,20,1.5,0.4,0.6,1.9,1.9,0.9,0.2,3,0.2,0,1.8,25.3,1.5,0.2,0.5,3,3,0.5,1.2,1.4,0.2,0,1.9,17.2,0.7,-0.4,4.2,1.6,0.8,0.3,0.2,0,0.3,2.2,0.1,26.9,1.6,0.3,0.4,0.9,6.5,2.3,0.9,0.6,0,1.3,4.4,19,4.3,0.4,1.2,4.4,4.9,4,3.6,1.5,0.8,0,2.1,45.7,2.4,3.3,5.7,6.9,10.8,6.3,6,4.7,7.5,1.6,2.1,75.5,6.6,2.8,9.6,6.2,7.9,3.7,7.4,5.1,3.1,0.9,2.4,31.8,1.7,2.7,4.9,1.6,7,4.6,1.6,1.4,1,0.7,1.4,18.1,1.6,1.2
Restaurantes y hoteles,2.5,0.9,1.6,2,1.7,0.3,1.7,1.5,1.7,2.2,0.8,0.4,3.1,2.4,2.6,1.7,1.4,2.5,4.3,2.5,7.2,3.6,2.4,2.7,4.9,2.5,4,4.5,3.5,4.1,3.7,4.1,5.4,2.8,3.5,2.3,3.3,2.4,3.2,2.6,1.7,2.2,1.9,1.9,0.2,4.2,3.6,3.5,6.9,3.9,4.3,4.1,4.4,2.9,4.5,3.4,3.6,3.2,3.4,8,5.4,6.5,5.1,6.4,6.4,7.7,6.8,7.2,6.1,7,4.6,6.5,8.9,7.5,8.2,10.7,9.1,3.9,7.3,15.1,11.5,9.1,10.1,20.2,20.1,12.9,7.9,6.3,5.8,5.7,6.2,5.2,3.2,5.6,4.8,3.7,5.6,3.3,5.8,3.7,0,1.6,3.2,5.3,1.7,2.1,0.3,1.7,3,3.7,3.5,4.2,1.9
Bienes y servicios varios,2,1.5,2.1,1.2,1.2,0.3,0.8,1.8,1.6,1.3,1.3,1.1,1.7,1.6,1.3,2,2.2,3.3,3.7,3.3,8.8,6,5.4,3.1,4.5,3.7,3.3,3.7,2.9,2.1,2.8,5.6,9.2,4.2,5.9,2.7,2.3,2.9,2.4,0.1,3.2,-0.7,2.9,1.8,1.3,2.4,2.6,2,2.1,2.5,3,3.1,3.2,1,2.5,3,3.1,3.2,2.9,3.6,4.9,4.4,4.8,6,5,5.2,7.5,8,6.5,6.8,6.4,6.6,5.8,5.6,6.3,4.8,8.1,7.2,5.8,9.3,12,9.6,12,32.9,49.9,18.3,7.3,4.3,3.3,1.8,3.8,0.9,4.4,2.1,2.2,2.1,1.9,2.6,2,2.5,2.9,0.4,0.8,2.1,1.8,2.3,2.8,2.1,1.7,2.7,1.9,1.7,2.8
,,,,,,,,,,,,,,,,,,,,,,,,,,,,,,,,,,,,,,,,,,,,,,,,,,,,,,,,,,,,,,,,,,,,,,,,,,,,,,,,,,,,,,,,,,,,,,,,,,,,,,,,,,,,,,,,,
Categorías ,,,,,,,,,,,,,,,,,,,,,,,,,,,,,,,,,,,,,,,,,,,,,,,,,,,,,,,,,,,,,,,,,,,,,,,,,,,,,,,,,,,,,,,,,,,,,,,,,,,,,,,,,,,,,,,,,
Estacional,1.6,2,0.7,3.3,1.3,1.4,-0.6,1.3,3.5,3.8,1.3,0.7,1.3,-0.1,0.6,1.4,2.2,3.5,5.1,5,0.4,6.2,1.5,1.8,1.5,4.9,2.6,1.9,2.4,2.2,1.2,6.5,6.4,2.2,4.3,3.5,4.1,3.3,6.3,6.9,3.1,5.7,0.6,3.5,7.2,12.6,0.9,2,4.8,1.7,2.6,2.4,2.5,0,3.9,1.1,5.5,6.7,2.4,2.5,9.7,8.4,4.5,7.7,2.8,5.5,10.2,11.7,12.2,10.7,4.2,3.8,11.3,2.2,3.5,10,8.6,4.6,5.1,12.3,11.3,7.3,11.4,16,14.1,8.6,6.3,13.2,8.2,5.8,2.2,7.2,2.3,1.2,-3.9,-1.4,-0.3,0.1,8.2,1.9,-2.8,-1.1,2.2,-0.6,4.1,4,1,0.8,6,1.1,1.9,-0.5,3.8
Núcleo,1.4,1.5,2.2,2.1,1.5,1,1.6,1.2,1.7,1.6,1.2,1.3,1.6,1.7,3.1,2,2.4,3.8,3.5,3.2,7.6,5,3.7,2.3,3.3,4.2,5.1,3.8,2.9,3,2.2,4.4,6.8,3.4,3.9,3.5,2.6,2.6,3.6,2.8,1.8,1.9,2.5,2.6,1.8,3.3,4,5.3,5,4,4.2,4.4,3.5,3.7,2.9,2.8,3.2,3.1,3,4.8,3.5,4.6,7.1,6.5,5.7,5,6.6,7.1,5.3,5.1,4.5,4.8,5.4,9.2,7.9,8.1,7.8,6.2,6.3,15.3,14.2,8.2,12.4,28,22,10.8,7.9,6.7,3.4,3,3.5,3.6,3,2.6,2.8,3.1,2.8,2.9,3.9,3.3,1.8,1.4,1.4,2,1.8,1.9,2.4,2.7,2.6,3.2,3.7,2.4,1.7
Regulados,2.3,4.3,8.7,4.5,1.6,0.5,2.1,1.4,0.7,1.8,1.4,6.9,3,4.4,4.6,6.1,2.1,2.1,2.4,5.9,4.2,6,2.8,2.5,3.7,3.9,5.5,3.8,7.7,2.6,1.7,2.3,2.7,1.5,3.5,4.5,1.2,-1.4,3.2,-0.5,0.2,1,0.5,1.8,1.1,0.9,1.4,2.1,7.9,1.9,5.2,3.5,2.7,3.8,1.6,1.4,2,1.1,1.6,2,2,2.8,7.3,4.4,7.3,6.2,4.3,6.3,4.5,7.4,5.3,4.9,5.5,4.2,8.6,3.7,7.9,10.9,6.2,7.5,10,5.5,9.3,19.9,27.8,19.8,15.3,17.6,4.3,11.4,4.9,9.2,5.7,3.4,2.7,4,3.5,2.7,3.8,1.9,1.4,1.9,2.4,3.1,2.7,2.1,2.7,3.1,2.2,5.9,6,4.6,2.6
,,,,,,,,,,,,,,,,,,,,,,,,,,,,,,,,,,,,,,,,,,,,,,,,,,,,,,,,,,,,,,,,,,,,,,,,,,,,,,,,,,,,,,,,,,,,,,,,,,,,,,,,,,,,,,,,,
Bienes y servicios,,,,,,,,,,,,,,,,,,,,,,,,,,,,,,,,,,,,,,,,,,,,,,,,,,,,,,,,,,,,,,,,,,,,,,,,,,,,,,,,,,,,,,,,,,,,,,,,,,,,,,,,,,,,,,,,,
Bienes,1.3,1.8,1.8,2.4,1.3,1,1.2,1.1,2,2.1,1.2,1.4,1.4,1.6,2.2,2,2.7,4.1,4,3.9,7.4,5.9,3.6,1.9,2.9,4.5,4.7,3.6,3,2.8,1.8,4.7,7,2.9,4.5,3.4,2.8,2.5,3.8,3.5,1.8,2.6,2.2,2.7,2.8,4.8,3.4,4.8,5.1,3.8,4.1,4.6,3.5,3.3,2.8,2.4,3.3,3.5,2.8,4.2,4.1,5.4,6.8,6.9,5.3,5.1,6.9,7.9,6.7,5.8,4.5,4.8,6.1,7.7,7.2,8.5,8,5.8,5.9,15,13.7,7.8,12.4,27.9,22.5,10.5,7.7,6.8,4,3.2,2.7,3.9,2.8,2,1.2,2.2,2.1,2.5,4.1,2.9,0.8,0.8,1.3,1.4,1.9,2.1,2.3,2.5,2.7,3,3.4,2.5,1.9
Servicios,2.6,2.8,7.5,3.6,2,0.7,2.1,1.7,1.1,1.4,1.4,4.9,3.1,3.2,5.4,4.9,1.4,1.6,2,4.2,2.4,3.9,2.4,3.4,4.1,3.5,5.3,3.8,6.3,2.9,2.4,2.7,2.7,2.7,2.1,4.6,1.4,-0.1,3.9,0,1.3,1.1,1,2,0.7,1.6,2.1,2.8,7.1,1.6,4.3,2.1,2.2,3.4,2.5,2.2,3,2.3,2.3,3.5,3.8,2.7,6.8,4.3,6.7,5.7,6,6.7,4,8.1,4.8,4.2,7.2,5.6,8,4.4,7.6,10.1,6.7,8.6,11.1,7.2,9.3,13.5,17.7,18,13.8,19.4,4.9,11,6.9,9,5.7,4.5,4.3,4.3,4.1,2.7,5.1,2.9,2.6,2.4,2.7,3.5,3.1,2.1,2.4,3,3.1,5.1,5.4,2.5,2.7
,,,,,,,,,,,,,,,,,,,,,,,,,,,,,,,,,,,,,,,,,,,,,,,,,,,,,,,,,,,,,,,,,,,,,,,,,,,,,,,,,,,,,,,,,,,,,,,,,,,,,,,,,,,,,,,,,
,,,,,,,,,,,,,,,,,,,,,,,,,,,,,,,,,,,,,,,,,,,,,,,,,,,,,,,,,,,,,,,,,,,,,,,,,,,,,,,,,,,,,,,,,,,,,,,,,,,,,,,,,,,,,,,,,
,,,,,,,,,,,,,,,,,,,,,,,,,,,,,,,,,,,,,,,,,,,,,,,,,,,,,,,,,,,,,,,,,,,,,,,,,,,,,,,,,,,,,,,,,,,,,,,,,,,,,,,,,,,,,,,,,
,,,,,,,,,,,,,,,,,,,,,,,,,,,,,,,,,,,,,,,,,,,,,,,,,,,,,,,,,,,,,,,,,,,,,,,,,,,,,,,,,,,,,,,,,,,,,,,,,,,,,,,,,,,,,,,,,
Región Noreste,2017-01-01 00:00:00,2017-02-01 00:00:00,2017-03-01 00:00:00,2017-04-01 00:00:00,2017-05-01 00:00:00,2017-06-01 00:00:00,2017-07-01 00:00:00,2017-08-01 00:00:00,2017-09-01 00:00:00,2017-10-01 00:00:00,2017-11-01 00:00:00,2017-12-01 00:00:00,2018-01-01 00:00:00,2018-02-01 00:00:00,2018-03-01 00:00:00,2018-04-01 00:00:00,2018-05-01 00:00:00,2018-06-01 00:00:00,2018-07-01 00:00:00,2018-08-01 00:00:00,2018-09-01 00:00:00,2018-10-01 00:00:00,2018-11-01 00:00:00,2018-12-01 00:00:00,2019-01-01 00:00:00,2019-02-01 00:00:00,2019-03-01 00:00:00,2019-04-01 00:00:00,2019-05-01 00:00:00,2019-06-01 00:00:00,2019-07-01 00:00:00,2019-08-01 00:00:00,2019-09-01 00:00:00,2019-10-01 00:00:00,2019-11-01 00:00:00,2019-12-01 00:00:00,2020-01-01 00:00:00,2020-02-01 00:00:00,2020-03-01 00:00:00,2020-04-01 00:00:00,2020-05-01 00:00:00,2020-06-01 00:00:00,2020-07-01 00:00:00,2020-08-01 00:00:00,2020-09-01 00:00:00,2020-10-01 00:00:00,2020-11-01 00:00:00,2020-12-01 00:00:00,2021-01-01 00:00:00,2021-02-01 00:00:00,2021-03-01 00:00:00,2021-04-01 00:00:00,2021-05-01 00:00:00,2021-06-01 00:00:00,2021-07-01 00:00:00,2021-08-01 00:00:00,2021-09-01 00:00:00,2021-10-01 00:00:00,2021-11-01 00:00:00,2021-12-01 00:00:00,2022-01-01 00:00:00,2022-02-01 00:00:00,2022-03-01 00:00:00,2022-04-01 00:00:00,2022-05-01 00:00:00,2022-06-01 00:00:00,2022-07-01 00:00:00,2022-08-01 00:00:00,2022-09-01 00:00:00,2022-10-01 00:00:00,2022-11-01 00:00:00,2022-12-01 00:00:00,2023-01-01 00:00:00,2023-02-01 00:00:00,2023-03-01 00:00:00,2023-04-01 00:00:00,2023-05-01 00:00:00,2023-06-01 00:00:00,2023-07-01 00:00:00,2023-08-01 00:00:00,2023-09-01 00:00:00,2023-10-01 00:00:00,2023-11-01 00:00:00,2023-12-01 00:00:00,2024-01-01 00:00:00,2024-02-01 00:00:00,2024-03-01 00:00:00,2024-04-01 00:00:00,2024-05-01 00:00:00,2024-06-01 00:00:00,2024-07-01 00:00:00,2024-08-01 00:00:00,2024-09-01 00:00:00,2024-10-01 00:00:00,2024-11-01 00:00:00,2024-12-01 00:00:00,2025-01-01 00:00:00,2025-02-01 00:00:00,2025-03-01 00:00:00,2025-04-01 00:00:00,2025-05-01 00:00:00,2025-06-01 00:00:00,2025-07-01 00:00:00,2025-08-01 00:00:00,2025-09-01 00:00:00,2025-10-01 00:00:00,2025-11-01 00:00:00,2025-12-01 00:00:00,2026-01-01 00:00:00,2026-02-01 00:00:00,2026-03-26 00:00:00,2026-04-26 00:00:00,2026-05-01 00:00:00
,,,,,,,,,,,,,,,,,,,,,,,,,,,,,,,,,,,,,,,,,,,,,,,,,,,,,,,,,,,,,,,,,,,,,,,,,,,,,,,,,,,,,,,,,,,,,,,,,,,,,,,,,,,,,,,,,
Nivel general y divisiones COICOP,,,,,,,,,,,,,,,,,,,,,,,,,,,,,,,,,,,,,,,,,,,,,,,,,,,,,,,,,,,,,,,,,,,,,,,,,,,,,,,,,,,,,,,,,,,,,,,,,,,,,,,,,,,,,,,,,
,,,,,,,,,,,,,,,,,,,,,,,,,,,,,,,,,,,,,,,,,,,,,,,,,,,,,,,,,,,,,,,,,,,,,,,,,,,,,,,,,,,,,,,,,,,,,,,,,,,,,,,,,,,,,,,,,
Nivel general,1.7,1.8,2.4,2.2,1.9,1.4,1.3,1.2,1.3,1.5,1.5,2.2,2,2.1,2.4,2.6,2.6,3.1,3.4,4,7.3,4.9,3,2.5,3.4,4.5,5.1,3.5,2.8,2.9,1.9,4.5,6.2,3.3,4.3,4,3.1,2.2,3.5,2.1,1.6,2.3,2.2,2.3,3.4,3.7,3.7,5.5,4.3,3.8,3.3,4.1,3.1,2.9,3,2.7,2.8,3.5,3,4.4,3.4,5,7.2,6,5.3,4.9,7.4,7.6,6.8,6.2,4.5,4.8,5.6,7.8,6.2,8.3,7.3,6.6,6.3,14.2,13,7.4,12.8,28.4,19.5,10.9,10.3,6.3,3.7,4.4,4.6,4.4,3.3,2.6,1.8,2.9,2.5,1.9,3.1,2.7,1.3,1.1,1.7,1.7,1.8,2.2,2.4,3.4,3.8,3.1,4.1,2.7,2.6
Alimentos y bebidas no alcohólicas,1.7,1.6,1.6,2.8,1.8,1.3,0.7,1.4,1.6,1.6,1.5,1.1,1.5,2.1,2.5,1.8,3.5,4,3.8,4.6,7.1,5.8,3.1,2.3,3.2,5.3,6.3,3.6,2.4,2.5,1.8,5.3,5.8,2.2,4.7,3.9,6,2.9,3.2,3.6,0.4,1.6,1.6,2.9,3.6,4.5,3.5,9.1,5.5,3.7,3.2,3.5,2.7,2.6,3,2,2.4,3.2,2.7,5.8,3.8,6.3,7.7,6.4,5.1,4.3,6.6,7.5,6.8,5.8,3.6,3.6,6.6,9.8,6.9,9.8,5.8,6,5.3,17.6,15.1,5.8,14.6,31.1,18.4,8.7,8.2,4.9,3.4,3.3,2.4,5.2,2.4,1.1,0.2,2.5,1.8,2.7,5.7,3.2,0.7,0,1.2,1.4,1.9,2.2,3.2,4.8,4.8,4.5,4.5,2.4,2.1
Bebidas alcohólicas y tabaco,0.8,3.5,1.9,2.9,1.9,2.5,2.8,1.8,1,2.7,1.2,0.4,2,1.8,0.7,1.6,2.5,1,2.8,1.8,4.8,2,4,1.4,2.3,2.7,3.1,0.9,1.3,2.6,1.3,4.7,5.2,5.1,5.7,3.3,3.7,1.6,2.2,2.2,-0.9,5.9,0.9,1.7,4,1.4,3,5.7,4.5,3,5.6,4.4,1.2,7.2,2.1,4,5.2,2.9,2.9,6.1,2,4,3.8,3.2,7.8,6,6.2,6.5,10.6,5.5,6.6,7,7,6.4,8.3,5.4,8.8,5.1,8.9,11.8,11,9,11.7,19.9,19.8,16.3,9.7,5.6,5.3,1.8,5.4,3.6,1.7,2.1,4,2.7,2.7,0.6,-0.3,2.5,1,2,0.7,2.1,1.2,2.7,0.9,2.3,1.7,2,2.2,1.8,0.3
Prendas de vestir y calzado,0.3,0.1,2.8,0,4,0.3,-0.3,-1.2,2.2,0.8,2.2,1.4,0.7,-1.3,0.7,2.1,2.7,1.4,1.3,0.9,9.1,4.4,1.2,2.4,2,2.5,5,4.2,3,2.4,1.1,4,8.6,5.7,4.3,3.8,1.1,2.1,4.1,2.1,5.1,3,5.9,-0.5,5.6,5.2,4.9,6.1,0.9,3.7,3.4,6.1,6.3,1.6,3.2,5,4,6.9,3.4,5.3,2.4,3.1,7.5,8.8,4.7,6,9.8,10.6,10.5,8.1,3.8,4.5,3.4,4.6,5.6,9.4,8.3,3.6,4.1,11.7,12.4,10.2,12.3,19,10.8,10.8,5.8,8,3,4.1,4,2.1,4.6,5,3.5,1.7,1.1,-0.2,0.9,3,2.4,0.9,0.6,-0.5,2.5,1.7,0.4,0.7,1.2,0.3,2.5,2.1,1.4
"Vivienda, agua, electricidad, gas y otros combustibles",1.4,2.6,8.9,2.9,1,2.6,1.5,2.1,0.7,0.9,1.8,10.4,5.5,3.7,1.2,10.3,1.1,1.9,1.5,5.7,6,2.3,1.1,1,6.7,10.1,5,1.6,4.8,3.8,1.1,1.7,3.4,0.7,1.6,2,1.2,0.6,2.1,1.4,0.7,1.1,0.8,1.3,1.2,2.7,2.8,1.7,0.9,1.3,2.1,5.1,2.8,2,1.8,2.7,2.6,1.8,3,1.7,2.5,2.5,15.4,5.8,5.2,4.1,5.5,7.9,10.4,7.5,7,4.4,3.2,5.1,5.4,4.6,12.5,15,6.4,7.1,8.8,6.2,6.7,19.4,19.3,13.2,14.5,12.9,5.5,19.4,19.6,4.7,7.8,7.2,2.2,2.6,5.1,2.7,1.9,1.8,1.3,3,2.6,2.9,2.7,2,1.8,3.7,9.4,3.4,9.7,3.3,8.4
Equipamiento y mantenimiento del hogar,1.4,0.4,1.4,1.7,1.8,0.6,2.3,0.3,0.7,0.9,0.7,2,0.6,1.6,3.5,1.3,1.7,3.5,3.6,3.1,9.3,6.8,4,1.1,2.6,3.6,3.1,5.1,2.8,3.6,2.7,7,6.6,7.3,1,5.2,-0.5,2.8,2.6,2.2,3.5,7.5,2.9,3.3,4,5,4.3,2,2.8,4.2,2.9,4.2,1.2,3.4,2.9,3.7,2.1,2.5,2.7,2.9,3.1,4.8,3.7,5.5,5,5.4,11.2,8.6,5.4,4.8,4.9,6.6,6.5,7.5,5.6,8.3,8.5,7.6,7.1,16.2,14,9.7,12.2,32.3,19.5,9,4.8,5.6,3.6,3.1,2.8,4,2.1,2.3,2.1,1.3,1.4,1.1,0.5,0.6,1.2,0.9,1.3,0.6,0.7,0.6,1.4,1.7,1.5,2.7,0.9,1.7,1.3
Salud,2.6,2.6,2.3,2.5,2.1,1.6,1.6,2.5,1.7,1.4,1.2,1,1.8,2.2,1.9,1.9,2.5,5.4,2.8,3,6.4,4.5,7.7,3.7,4.4,2.1,3.7,4.3,5,4.3,4.3,5,8.3,5.6,6.1,4.3,-1.7,0.8,3.1,2.4,2.4,2.4,2.6,2.9,4.6,2.9,4.2,4.6,3.8,6.3,2.9,3.1,3.9,4.5,4.4,3.4,3.4,3.5,3.4,0.9,3.4,4.8,4.5,6.3,6.1,6.8,6.7,5.3,5.3,5.7,5.1,5.2,4.2,4.6,5.7,7,11,8.5,9.6,17.9,8.4,3.9,17,31.8,21.4,13,10.6,7.9,1.1,4.4,5.8,3.8,4,3.1,2.7,1.6,1.9,2.1,2.1,2.1,2.5,2.5,0.5,2.4,1.7,2.2,2.1,1.6,2.2,2.4,2,2.5,2.2
Transporte,0.3,0.9,1.1,0.5,1.9,1.6,3.9,0.8,0.7,2.1,3.1,3,3.3,2.8,3.9,2.7,1.6,4.5,7.8,4.8,10.6,7.1,2.8,3.2,1,3.7,4.7,3.1,3,1.6,1,3.9,5.3,4,5.8,6.2,1.6,1.8,3.6,0.5,1.5,0.5,2.5,3.9,2.6,3.9,4,3.6,6.3,4.8,4.1,6,4.5,2.7,2.9,3,2.2,4,3.8,3.2,3.1,5.8,8,4.1,5.7,6.7,5.1,7.8,4.9,6.3,4.6,6.3,5.3,7.1,5.1,5.3,5.7,5.7,5.7,11,12.3,7.2,10.4,37,23.4,13.2,24.9,3.8,5,1.5,2.5,3.5,2.3,0.6,2.4,7.3,3.7,1.7,0.5,1.5,-0.3,0.6,2.4,2.6,2.6,3.3,3.2,3.6,1.8,2.5,2.5,5.6,0.8
Comunicación,2.7,4.3,3.4,8.4,0.4,0.3,0.7,0.8,0.7,5,0.4,0.6,2.6,9.2,2.7,2.5,2.9,0.7,1.1,8.8,2.3,0.9,2,7.4,8.4,1.3,4.9,3.3,3.1,5.9,0.6,1.4,7,1.2,7.2,7.4,0.7,2.3,7.9,-4.7,0.3,0.9,0.7,0.7,1.4,0.1,0,0.8,13.1,3.3,1.6,0.9,1.5,6.1,1.3,-0.9,3.1,1.2,0.4,2.1,7.3,1.6,4.6,3.4,2.7,1.9,6.7,3.5,2.5,11.5,5.5,3.7,7,9,1.5,5.9,7.2,8.6,10.9,6.3,9,12.3,16,18.5,26.2,23.2,14.4,16.1,7.8,5,4.1,4.7,1.8,1.5,1.7,5.2,1.8,2.3,1.9,3.1,3.9,1,2.2,1.6,1.8,2.1,2.8,2.8,3.4,1.7,2.8,4.5,3.9
Recreación y cultura,3.6,2,0.1,3.2,0.5,2.4,2.2,2.9,1.4,1.6,0.2,1,2.5,0.9,2,1,2.8,1.7,3.5,2,7,5.2,3.2,3.3,3.6,2.6,2.5,3.2,1.3,4.3,2.4,4.4,8.1,3.1,4.7,1.5,3.3,4.3,3.8,2.2,5.5,3.7,2.3,1.8,3.7,2.9,6.1,2.2,4.1,2.8,1.7,2.8,3.4,3.2,3.1,3,3.2,3.8,2.2,2.6,3.1,4.1,3,4.4,5.1,3.8,11.4,5.4,4.3,4.5,6.4,6.5,7.6,7.2,5.3,6.6,6.6,6.7,10,12.9,13.5,12.4,12.6,22.9,21.8,10.4,8.4,6.8,3.7,4.7,4.2,4.8,4.9,2.6,2.7,3,1.8,1.7,1.1,3.2,1.8,1.2,3,0.8,0.6,2.4,1.8,3,1.7,3.4,1.2,1.9,2.5
Educación,1.7,8,12.9,1,0,0.2,1.1,1.3,1.9,1.8,0,0.1,1.4,2.2,18.8,0.5,0.2,0.5,0.8,1.4,0.4,0.2,0.1,1.2,4.7,0,22.4,4.9,1.2,0.2,2,4.6,1.4,2.3,0,0.3,-0.3,5.8,16.8,-0.5,0.4,0.1,0.1,1.4,0,0.2,0.3,0,0.1,1.7,23.4,6.1,0,0.9,0.2,1.2,2.1,0.2,0,0.7,0.5,7.1,25.6,2.9,3.5,0.5,3.6,4.4,1.9,0.7,0.7,1.1,0.1,14.9,22.8,3.5,3.3,12.8,6.5,5.4,6,2.8,1.5,4.3,3.9,24.3,30.6,13.9,9.9,5.9,13.8,4.4,3,1.4,1.1,1,4.1,11.3,24.5,4.2,1.3,1.7,4.9,2.6,1.5,0.4,0.9,-2.1,0.6,1.4,22.7,1.4,0.7
Restaurantes y hoteles,4.3,3.9,2,0.4,2.9,0.5,0.2,-0.1,0.3,0.4,1.7,1.9,1.1,2.8,2.3,1.2,2.8,2.7,2.4,3.9,6.5,2.5,2.4,1.3,4.2,4.3,4.9,6.1,1.2,2.5,2.8,3.1,7.2,1.8,3.2,3.6,6.5,-0.5,3.3,2.1,1.6,2.3,2.2,1.6,3.2,1.7,3.4,6.2,4.6,5.8,3.9,3.2,2.4,2.2,4.5,2,3.5,4.9,5.8,9.3,5.5,4.3,4.6,7.5,7,4.8,8.6,7.1,5,7.1,5.1,7.4,4.9,9.9,7.3,14.3,6.7,3.6,7.1,12.4,12.9,9.7,11.5,25,20.2,10.5,8.4,5.4,2.6,4.3,4,6.2,2.9,5.1,4.5,3.4,5.4,-0.6,3.4,5.4,3.3,3.1,4,3.8,0.2,2.6,3.3,3.8,4.4,2.2,4.9,1.6,3.2
Bienes y servicios varios,2.1,1.1,1.3,3.1,2.2,2.5,1,2.9,1,1,0.8,0.7,1.3,1.9,0.6,1.6,2,3.5,4.2,4.7,7.4,5.3,5.7,4.5,4.2,4.8,3.4,2.1,2.8,3.1,3.1,5.1,8.2,4.1,6,4.2,3.2,1.3,2.2,1.1,1,2,1.2,3.1,1.2,2.8,1.7,1.5,2,2.8,2.4,4.5,2.8,2.6,2.7,3.4,3.3,2.3,2.2,3,3,4,5.3,5.6,5.1,5.3,9.7,9.5,7.3,6.2,4.7,4.5,7.8,6.6,5.4,6.6,8.2,7.7,6,12.7,11.8,6.9,11.7,39.3,40.6,14.3,9,5.5,3.1,1.5,4.2,2.2,2.4,2.8,1.6,1.9,1.3,2.5,2.9,2.6,1.8,1.5,1.8,1.9,1.2,2.5,1.5,2.3,2.6,2.4,2,2.2,2.4
,,,,,,,,,,,,,,,,,,,,,,,,,,,,,,,,,,,,,,,,,,,,,,,,,,,,,,,,,,,,,,,,,,,,,,,,,,,,,,,,,,,,,,,,,,,,,,,,,,,,,,,,,,,,,,,,,
Categorías ,,,,,,,,,,,,,,,,,,,,,,,,,,,,,,,,,,,,,,,,,,,,,,,,,,,,,,,,,,,,,,,,,,,,,,,,,,,,,,,,,,,,,,,,,,,,,,,,,,,,,,,,,,,,,,,,,
Estacional,2.5,1.6,0.8,2.1,2,-0.4,-1.2,1,2.7,1.9,2.8,0.6,2.1,0.2,0.5,0.5,2.4,1.9,2.4,3.5,4.2,5.5,3,2.4,2,3.3,5,2.4,0.6,2.4,2.2,6.2,7.8,4.3,3.7,5.5,4.4,1.9,5.5,6,1.9,4,2.2,2.7,7.2,9.4,3.6,4.1,2.9,3.2,2.4,1.2,3.9,-0.3,4.3,2.5,2.8,6.8,2.1,3.9,6.5,8.4,6.9,5.8,3.3,5.2,9.5,11.6,12.6,11.1,4.1,4,10.7,3.5,4.6,9,6.6,3.7,4.9,13.3,11.6,6.2,13.1,22.1,12.3,11.5,6.8,10.3,4.6,5.1,4.1,6.9,2.7,1.6,-1.5,-0.8,-1.6,-0.9,6,1.8,-2.8,-2.3,2.1,0.5,4,2.2,2.4,-0.1,6.6,1.8,1.5,0.8,3.7
Núcleo,1.9,1.6,1.9,2.1,2.1,1.6,1.5,1.1,1.3,1.2,1.1,1.5,1.3,1.7,2.5,2,3.1,3.5,3.4,3.6,7.9,5.3,3.3,2.6,3.3,4.1,5,3.9,2.8,2.9,2,5.1,6.6,3.6,4.5,3.6,3.5,2.5,2.8,2.2,2,2.4,2.7,2.6,3.2,3.4,4.1,6.6,4.4,4.1,3.3,4.5,3,3.4,3.1,3,3,3.4,3.5,5.1,3,4.7,6.1,6.5,5.4,5,7.6,6.9,5.6,4.9,4.3,4.8,4.9,8.9,6.7,9,7.3,6.5,6.3,15.8,13.9,7.8,13.4,29.6,19.7,10.3,8.2,4.8,2.9,3.1,3.3,4,3.1,2.5,2.3,2.7,2.7,2.2,3,3,2.2,1.4,1.5,1.5,1.5,2.2,2.4,3.8,3,3.4,3.5,2.3,1.8
Regulados,0.3,2.7,5.8,2.9,1.2,1.8,2.2,1.5,0.4,2.2,2.1,5.7,4.6,4.4,3.3,5.9,0.9,2.4,4.1,5.7,6.9,3.3,2.1,2.1,4.6,6.6,5.8,2.8,3.8,3.1,1.2,1.5,3.9,1.9,3.9,4.7,1.1,1.2,4.9,-0.1,0.4,0.8,0.4,1.2,1.7,1.4,2.2,2.3,5.1,2.9,4,4.5,3.1,2.7,1.4,1.7,2,1.8,1.4,1.4,3.1,3.3,13.3,4.2,6,4.5,4.9,7.6,7.6,7.9,6,5.5,4.4,6.8,5.9,4.8,8,9.7,7.2,7.8,9.4,6.3,9.6,27.8,24.8,13.7,24.2,9.9,6.7,9.1,10,4.2,4.2,3.3,2,5.9,4,2.4,2,2,0.3,1.7,2.2,2.8,1.7,2.1,2.2,3.5,5.4,3.1,7.4,5,4.8
,,,,,,,,,,,,,,,,,,,,,,,,,,,,,,,,,,,,,,,,,,,,,,,,,,,,,,,,,,,,,,,,,,,,,,,,,,,,,,,,,,,,,,,,,,,,,,,,,,,,,,,,,,,,,,,,,
Bienes y servicios,,,,,,,,,,,,,,,,,,,,,,,,,,,,,,,,,,,,,,,,,,,,,,,,,,,,,,,,,,,,,,,,,,,,,,,,,,,,,,,,,,,,,,,,,,,,,,,,,,,,,,,,,,,,,,,,,
Bienes,1.4,1.4,1.8,2.3,2,1.2,1.2,0.9,1.5,1.6,1.6,1.6,1.7,1.6,2.1,2.1,2.9,3.4,3.8,3.8,8.2,5.7,3.4,2.1,2.8,4.1,5.1,3.7,2.7,2.8,2,5.3,6.8,3.4,4.9,3.8,3.7,2.2,2.8,2.7,1.7,2.7,2.6,2.7,3.9,4.4,4,6.2,4.5,3.9,3.5,4.4,3.2,2.8,3.2,2.7,2.7,3.7,3,4.8,3.3,5.4,6.6,6.3,5.5,5.2,7.7,7.9,6.8,6.1,4.3,4.7,5.9,7.9,6.4,8.8,7.1,5.9,6.1,15.6,13.6,7.2,13.6,30.7,19.7,10.3,7.6,5.1,3,3.2,3,4.1,3,1.8,1.4,2.3,1.8,2,3.2,2.6,1.1,0.5,1.4,1.3,1.7,2.1,2.5,3.3,3.3,3.1,3.5,2.8,2.1
Servicios,2.6,2.8,4.6,2.1,1.6,1.8,1.7,2,0.8,1.2,1.1,4.1,3,3.5,3.3,4.2,1.5,2.1,2.2,4.6,4.6,2.2,1.7,3.6,5.4,5.8,5.3,2.9,2.9,3.2,1.5,1.8,4.2,3,2.2,4.6,1.1,2.3,5.9,0.3,1.5,0.9,0.6,1,1.6,1.2,2.6,3,3.6,3.3,2.8,3.2,2.8,3,2,2.8,3.4,2.8,2.8,2.8,3.9,3.1,10.3,4.9,4.4,3.9,6.4,6.4,7,6.8,5.6,5,4.7,7,5.4,6,8,9.8,6.9,7.8,9.7,8.3,9.1,16.2,18.5,14.5,25.8,12.1,6.9,9.7,11.4,5.4,4.2,5.2,3,5.1,4.7,1.6,2.8,2.9,2,2.9,2.8,2.8,2.1,2.3,2,3.7,5.6,3.2,6.1,2.4,4.3
,,,,,,,,,,,,,,,,,,,,,,,,,,,,,,,,,,,,,,,,,,,,,,,,,,,,,,,,,,,,,,,,,,,,,,,,,,,,,,,,,,,,,,,,,,,,,,,,,,,,,,,,,,,,,,,,,
,,,,,,,,,,,,,,,,,,,,,,,,,,,,,,,,,,,,,,,,,,,,,,,,,,,,,,,,,,,,,,,,,,,,,,,,,,,,,,,,,,,,,,,,,,,,,,,,,,,,,,,,,,,,,,,,,
,,,,,,,,,,,,,,,,,,,,,,,,,,,,,,,,,,,,,,,,,,,,,,,,,,,,,,,,,,,,,,,,,,,,,,,,,,,,,,,,,,,,,,,,,,,,,,,,,,,,,,,,,,,,,,,,,
,,,,,,,,,,,,,,,,,,,,,,,,,,,,,,,,,,,,,,,,,,,,,,,,,,,,,,,,,,,,,,,,,,,,,,,,,,,,,,,,,,,,,,,,,,,,,,,,,,,,,,,,,,,,,,,,,
Región Cuyo,2017-01-01 00:00:00,2017-02-01 00:00:00,2017-03-01 00:00:00,2017-04-01 00:00:00,2017-05-01 00:00:00,2017-06-01 00:00:00,2017-07-01 00:00:00,2017-08-01 00:00:00,2017-09-01 00:00:00,2017-10-01 00:00:00,2017-11-01 00:00:00,2017-12-01 00:00:00,2018-01-01 00:00:00,2018-02-01 00:00:00,2018-03-01 00:00:00,2018-04-01 00:00:00,2018-05-01 00:00:00,2018-06-01 00:00:00,2018-07-01 00:00:00,2018-08-01 00:00:00,2018-09-01 00:00:00,2018-10-01 00:00:00,2018-11-01 00:00:00,2018-12-01 00:00:00,2019-01-01 00:00:00,2019-02-01 00:00:00,2019-03-01 00:00:00,2019-04-01 00:00:00,2019-05-01 00:00:00,2019-06-01 00:00:00,2019-07-01 00:00:00,2019-08-01 00:00:00,2019-09-01 00:00:00,2019-10-01 00:00:00,2019-11-01 00:00:00,2019-12-01 00:00:00,2020-01-01 00:00:00,2020-02-01 00:00:00,2020-03-01 00:00:00,2020-04-01 00:00:00,2020-05-01 00:00:00,2020-06-01 00:00:00,2020-07-01 00:00:00,2020-08-01 00:00:00,2020-09-01 00:00:00,2020-10-01 00:00:00,2020-11-01 00:00:00,2020-12-01 00:00:00,2021-01-01 00:00:00,2021-02-01 00:00:00,2021-03-01 00:00:00,2021-04-01 00:00:00,2021-05-01 00:00:00,2021-06-01 00:00:00,2021-07-01 00:00:00,2021-08-01 00:00:00,2021-09-01 00:00:00,2021-10-01 00:00:00,2021-11-01 00:00:00,2021-12-01 00:00:00,2022-01-01 00:00:00,2022-02-01 00:00:00,2022-03-01 00:00:00,2022-04-01 00:00:00,2022-05-01 00:00:00,2022-06-01 00:00:00,2022-07-01 00:00:00,2022-08-01 00:00:00,2022-09-01 00:00:00,2022-10-01 00:00:00,2022-11-01 00:00:00,2022-12-01 00:00:00,2023-01-01 00:00:00,2023-02-01 00:00:00,2023-03-01 00:00:00,2023-04-01 00:00:00,2023-05-01 00:00:00,2023-06-01 00:00:00,2023-07-01 00:00:00,2023-08-01 00:00:00,2023-09-01 00:00:00,2023-10-01 00:00:00,2023-11-01 00:00:00,2023-12-01 00:00:00,2024-01-01 00:00:00,2024-02-01 00:00:00,2024-03-01 00:00:00,2024-04-01 00:00:00,2024-05-01 00:00:00,2024-06-01 00:00:00,2024-07-01 00:00:00,2024-08-01 00:00:00,2024-09-01 00:00:00,2024-10-01 00:00:00,2024-11-01 00:00:00,2024-12-01 00:00:00,2025-01-01 00:00:00,2025-02-01 00:00:00,2025-03-01 00:00:00,2025-04-01 00:00:00,2025-05-01 00:00:00,2025-06-01 00:00:00,2025-07-01 00:00:00,2025-08-01 00:00:00,2025-09-01 00:00:00,2025-10-01 00:00:00,2025-11-01 00:00:00,2025-12-01 00:00:00,2026-01-01 00:00:00,2026-02-01 00:00:00,2026-03-26 00:00:00,2026-04-26 00:00:00,2026-05-01 00:00:00
,,,,,,,,,,,,,,,,,,,,,,,,,,,,,,,,,,,,,,,,,,,,,,,,,,,,,,,,,,,,,,,,,,,,,,,,,,,,,,,,,,,,,,,,,,,,,,,,,,,,,,,,,,,,,,,,,
Nivel general y divisiones COICOP,,,,,,,,,,,,,,,,,,,,,,,,,,,,,,,,,,,,,,,,,,,,,,,,,,,,,,,,,,,,,,,,,,,,,,,,,,,,,,,,,,,,,,,,,,,,,,,,,,,,,,,,,,,,,,,,,
,,,,,,,,,,,,,,,,,,,,,,,,,,,,,,,,,,,,,,,,,,,,,,,,,,,,,,,,,,,,,,,,,,,,,,,,,,,,,,,,,,,,,,,,,,,,,,,,,,,,,,,,,,,,,,,,,
Nivel general,1.7,1.5,2.6,3.3,1.7,1,1.4,1.4,1.7,1.7,1.6,3.3,1.5,2.6,2.1,3.4,1.8,3.6,3.6,3.4,6.8,5.9,3.7,2.5,2.9,3.8,4.4,3.3,2.9,2.6,2.8,4.4,5.8,3.7,4.5,3.3,2.5,2.3,3.1,1.3,1.3,2.3,2.3,2.7,3.6,3.7,3.1,4.3,4.5,4.1,4.3,4.2,3.6,3.5,3.2,1.8,2.9,3.1,2.7,3.9,4.1,5.4,6.8,5.8,5.2,5.3,7.3,6.5,6.1,6,4.9,5,6.4,6.7,7.9,7.2,7.5,5.3,6.3,12.3,13.7,7.4,12.8,25.8,22.3,13.5,9.3,8.1,4.3,5.1,4.6,4.5,3,2.2,2.1,2.3,2,2.7,3.5,2.9,1.6,1,1.9,2.1,2.2,2.3,2.8,3,3,3.4,3.2,2.1,2.1
Alimentos y bebidas no alcohólicas,1.5,1.8,2.3,2.9,1.7,0.6,1.2,2.2,1.9,1.7,1.3,0.6,0.6,2.2,2.8,1.8,2.8,6,4.3,4.3,8.3,5.8,3.2,0.9,2.8,6.3,6.8,3,2.3,2.4,1.9,5.4,5.3,2.2,5.4,2.8,4.4,3.5,3.6,3.4,0.8,1.2,1.1,3.3,3.1,4.6,2.8,5.9,5.1,3.6,4.3,4.6,3.4,3.9,3.3,1.1,2.4,2.5,2.7,4.4,4.2,7.5,9.1,5.6,4,4.6,6,7.4,6.4,5.9,3.6,2.7,7,10.6,9.4,8.6,6.8,4.2,5.8,15.9,15.8,6.9,14.9,29.6,19.2,12,10.3,5.4,3.9,4.2,2.9,5.5,1.8,-0.4,0.5,2.2,1.1,4,5.8,3.5,0.7,0,2.2,1.5,1.9,2.6,3.4,3.3,4,4.3,4,0.4,1.9
Bebidas alcohólicas y tabaco,1.3,2.3,3.8,2.6,1.2,0.3,2.3,2,0.5,2.9,1.2,0.4,2.1,1.8,0.9,1.2,2,0.9,2.8,1.2,4.4,1.8,4.6,1.8,3.1,2.6,3.9,1,2.2,2.9,0.6,4.2,5.6,6.3,6.3,3.1,4.1,1.5,3,1.5,0.5,3.8,1.5,1,4.3,1.5,3.1,3.9,4.4,3.9,6.4,3.5,2.1,5.7,2.1,1.5,5.6,2.8,1.1,5.2,1.6,2.9,6.1,3.1,6.5,5.8,5.9,6.6,9.3,4.5,6.7,8.2,6.6,5.2,8.7,2.8,8.8,3.9,8.8,8.7,12.8,9.6,11.8,18.5,21.1,15.7,14.6,6.2,5.3,2.1,6,1.9,1.5,2.4,4.7,2.3,2.1,1.4,0.7,2.7,0.6,2.8,0.6,3.7,1.2,2.4,1.4,2.8,1.5,0.9,2.1,2.3,-0.2
Prendas de vestir y calzado,-0.1,-2.2,2.4,3.7,2.1,0,0,-0.6,2.7,2.2,-0.1,1.3,-0.4,1.7,1.6,3.9,0.3,0.7,2.7,-0.4,8.3,4.9,4.1,2.6,-0.5,0.7,3.4,5.5,3.7,2.9,0.5,3.2,7,7,5.7,1.5,1.3,3.3,5.4,1.3,2.4,10.1,5.7,2.4,9.3,2.4,4.5,3,4,4.8,4.8,5.9,2.6,4.1,3.3,2,5.9,2.7,2.4,6.4,2.8,3.7,7.6,9.5,8.5,4.6,9,8.8,10.8,6.6,4.5,4.3,2.9,2.7,8.1,8.8,6,4.2,3.6,8.6,16.4,9.5,10.4,14.4,17.6,8.3,5.8,10.4,4.6,4.1,2.7,2.3,5.8,4.4,0.6,1.8,1,-0.8,4.9,3.6,1.9,-0.4,-0.6,-0.5,2.4,2.5,0.5,1.5,-0.1,0.2,1.9,3.1,0.5
"Vivienda, agua, electricidad, gas y otros combustibles",2.9,3.7,4.8,9.5,2.8,0.9,1,2.3,1.2,1.3,3.1,19,1.8,1.9,0.7,11.7,-0.3,1.7,1.5,6.1,2.5,12.5,3.4,1.6,2.6,6.2,0,1.1,2.2,2.3,4.1,5,3.1,2.4,1,0.8,1.8,1.5,0.2,-1.2,0,0.7,1.6,3.2,3.3,2.7,2.4,1.6,2.3,5.8,2.5,1.7,-0.4,3.1,2.4,-2.6,2.3,4.8,1.7,1.3,3,4,6.3,3.8,2,6.6,4.8,5.6,3.3,6.2,4.4,3.6,11.7,4.7,7.1,3.6,15,3.4,5.2,7,9.1,6.9,15,10.5,18.1,28.8,6.3,30.2,2.2,21.5,6.6,6.6,7.9,6.7,5.1,2.9,3.1,5.8,3.1,1.5,0.9,0.3,2.5,3,3.8,4.5,4.7,2.5,1.9,10.9,3.2,1.3,3.7
Equipamiento y mantenimiento del hogar,1.2,0.2,1,1,2.4,1.3,1.8,1,1.5,0.4,1.1,2.6,0.5,2,4.3,1.2,2.9,4.5,3.9,3.1,9.5,4.9,3.7,2.8,2.6,3.3,3.6,4.3,3.2,2.6,3,4.8,7.8,8,1.2,5.6,-0.6,1.8,1.9,1.3,2.9,2.3,3.7,4,2.2,3.6,3.6,3.1,4.5,4.4,3.6,2.8,3.1,3.5,3.2,3.7,2.9,2.7,2.6,3.5,3.3,4.3,5.2,6,4.6,6.4,8.8,8,6.9,5.7,5.2,6,5.9,5.2,5.9,8.3,8.5,7.1,5.9,11.1,14.5,10.7,12.6,27.3,28.9,10.2,5.2,6.1,3.4,1.8,3.6,4.3,3.5,2.2,1.1,1,2.4,1.2,1.2,0.7,1.7,2,1.4,1.8,2,1.1,1.1,2.4,2.2,2,1.3,2.5,2.1
Salud,3.1,2.3,2,2.2,1.4,2,3.1,1.9,3.2,2,1.3,2.1,1.6,1.6,1.8,2.4,1.5,3.7,2.9,3,4.6,5.3,9.4,4.2,4.2,2.9,4.1,3.9,4.5,4.8,3.8,4.5,8.6,4.7,6.8,5.3,-2.4,0.6,2.8,1.9,0.7,1.6,3.3,2.8,3.6,4.1,4.1,5.2,3.2,3.8,3.6,3.7,4.9,4.1,5.1,4.1,3.8,3.8,2.9,0.9,3.7,4.3,4.3,7,6.7,7.2,6.8,4.5,5.3,7,5.2,5.6,4,5.2,5.7,6.2,10.6,9.5,9.7,13.2,13.5,4.2,15.1,37.2,18.6,11.9,11.6,9.1,1.1,4.7,4.7,3.7,3.4,3,2.4,1.5,1.8,2.1,1.5,2.1,2.7,2.2,0.9,1.5,2.1,2.1,2.2,1.8,2.3,2.5,2.2,2.5,2.6
Transporte,2.6,2.3,2.6,0.8,0.4,2.6,1,0.5,1,1.9,3,3.9,4.1,5,0.9,3.3,2.2,4.4,5.7,3.6,9,8.1,2.4,4,2.1,1.8,3.7,4.7,3.7,1.2,3.5,2.9,5,4.5,4.6,5.7,3,0.5,1.4,-0.9,2,1.7,2.1,3,4.5,4.7,3.3,5.5,5.3,5.7,4.5,6.5,7.7,2,2.8,2.7,1.7,3.4,3.2,3.7,3.3,6.1,6.6,5.4,6.1,5.9,7.2,3.5,3.5,6.4,5.9,8.1,5.8,4.9,4.5,5.6,4.7,6,6,11.2,11.8,5,9.1,33.7,32.8,15.3,9.2,4.5,8,3.9,5.2,4.2,1.4,1.7,2.8,2.1,0.8,1.4,1,2.5,1.2,0.9,2.3,3.1,2.8,2.9,4.6,3.9,4.5,0.8,3.8,5.2,2.4
Comunicación,2.8,2.2,2.9,8.6,0,-0.3,2.3,1.3,0.1,5.2,1.4,1.9,0.5,8.5,3.3,-0.1,2.6,0.5,1.3,9,1.6,0.4,3.7,8.9,7.2,1.2,5,3.8,3.2,6.6,0.6,1.3,5.6,0.9,7.4,7.9,0,1.7,9.2,-4.5,-0.2,0.6,2.3,-0.3,0.6,0.6,0.7,-0.2,13.5,1.2,1.3,1.3,0.2,7.1,-0.5,1.4,1.9,1.3,0.4,2.4,7.3,2.7,2.1,3.4,3.5,0.5,7.3,4.4,3.7,10.7,7.5,6.2,8,5.5,2.4,6.3,5.9,7,10.9,3.6,9.7,11.4,13.4,15,27.9,22.8,15.4,12.9,7.4,7,5.6,5.3,3.2,2,1.5,4.2,2.5,2.3,1.7,2.9,3.3,1.4,2.4,2.1,2.4,2.9,2.3,3,3.5,1.5,2.8,4.5,3.1
Recreación y cultura,1.5,1.6,2.6,2.1,2.7,1.7,2.2,1.1,2.6,2.6,0.2,0.6,2.3,1.8,-0.1,2.1,2.5,3.9,5.2,2.5,7.3,2.4,3.5,3,4.2,3.1,1.5,3.2,3.5,2.6,4.4,4.1,8.7,2.6,4.8,2.1,3.7,4.6,2,1.5,3.2,3.1,2,2.7,1.9,3.1,4.7,3,2.7,0.9,6.5,1.2,3.5,2.9,3.2,2.7,2.3,3.7,2.5,4,5.6,3.5,3.3,3.5,4.2,4.5,12.8,5.7,5.8,4.5,7.6,4.9,7.8,5.3,8.2,6.2,6.3,7.4,9.2,13,14.2,10,11.8,21.1,23.1,9.8,7.3,8.3,3.3,4.4,5.1,2.6,2.3,3.6,4.2,1.6,3.8,1.3,1,2.1,2,3.8,4.2,0.7,1.4,1.1,1.7,2.6,2.6,1.1,3.1,0.8,2.2
Educación,0,2.6,9.8,9.2,2.3,0,1,1.1,0.6,1.5,1.1,0,1.7,0,10.2,6.2,0.4,0.6,1,1.3,0.2,5.3,1.4,0.3,0.6,0,14.3,6,-0.3,1.5,1.1,1.9,0.7,2.9,1,0.7,0.7,1.1,14,3,1.8,-0.2,0.3,-0.3,1.1,0.4,1.8,0.2,0,0,16.5,0.5,5.9,1.9,1.4,1.7,2.7,4.1,1.8,1,0.9,2.3,15.3,5.6,4.1,4.3,8.6,7.8,3.9,2.3,6.4,2.1,1.2,0.5,28.4,2.4,8.2,7.9,5.2,8.6,6,3.9,15.4,5.4,0,4.9,42.2,8.8,11.5,5.9,5.6,7.5,5.4,4.1,6.3,0.8,0.3,1.1,25.2,4.6,3.4,1.5,1.3,5.7,1.8,2,1.7,1.6,0.9,2.5,9.2,3.8,2.9
Restaurantes y hoteles,1.9,1.9,0.2,2.6,0.8,1.1,2.4,0.7,1.9,-0.7,3.4,2.2,3.2,5.1,3,1.4,1.5,3.1,4.2,1,6.8,1.6,0.9,3.7,6.6,3.2,6.9,2.2,1.9,2.3,5.8,4.7,5.1,2.7,3.3,2.2,4.9,1.6,3.7,1.3,1.3,2.3,2.3,1.4,1.4,4,2.4,5.2,6.9,5.1,4,5.6,4.5,3.8,4.4,2.2,2.2,3.2,4.1,5.9,8.7,6.1,4.7,6.9,6.6,6.2,8.5,6.8,4.3,4.8,4.3,8.5,7.7,9.7,9.8,9.7,7.2,4,6.5,14.7,10.7,8.2,9.9,23.6,20.4,15.1,7.4,6.5,3.9,3,10.5,5.6,2.2,4.2,3.3,5.7,5.4,3.2,2.2,3.9,4.2,2.5,2.1,4.8,1,-0.2,1.7,4.5,3.3,2.9,2.9,2.7,1.1
Bienes y servicios varios,2,1.1,2.4,1.3,2,1,1.1,1.7,0.3,2.1,0.7,2.4,1,1.4,1.7,1.5,2.5,3.9,2.9,3.5,8.9,6.4,6.1,3,4.1,1.5,3.3,3.2,3.6,3.2,2.8,4.9,9.1,4.6,5.9,3.2,3.3,2.8,2.3,0.5,1.3,0.4,2.4,1.2,0.1,3.3,1.3,3.1,1.4,4,2.1,3.5,2,1.8,1.9,2.9,2.1,3,2.6,3.9,3.6,4.9,5.5,5.3,5.2,4.7,7.5,8,6.6,6,7.6,5.7,7.4,5.9,5.6,6,7.6,5.8,6.2,9.4,11.1,7.9,11.6,31.4,46.2,22,9.3,7.5,4.6,0.8,4.2,1.4,3.9,1.8,2.3,1.4,2.2,3,2.5,4.1,2.4,0.4,1.6,2.7,2.6,2.1,2.5,2.3,3.6,3.1,1.4,3.2,2.3
,,,,,,,,,,,,,,,,,,,,,,,,,,,,,,,,,,,,,,,,,,,,,,,,,,,,,,,,,,,,,,,,,,,,,,,,,,,,,,,,,,,,,,,,,,,,,,,,,,,,,,,,,,,,,,,,,
Categorías ,,,,,,,,,,,,,,,,,,,,,,,,,,,,,,,,,,,,,,,,,,,,,,,,,,,,,,,,,,,,,,,,,,,,,,,,,,,,,,,,,,,,,,,,,,,,,,,,,,,,,,,,,,,,,,,,,
Estacional,0.7,-0.3,1.7,4.5,3,-0.5,-0.5,0.8,5.2,2,1.6,0.6,0.5,0.4,1.1,0.4,1.1,4.4,6.2,1.7,3.6,5.5,4.7,0,-1.4,2.5,3.6,2.7,0.6,2.1,3.1,5.4,8.1,3.8,6.1,2.3,0.8,3.8,6.1,4.8,4.3,8.2,3.5,3.3,8.8,8,2.3,-0.4,4.4,3.2,0.8,3.1,2.2,2.1,5.7,-1.2,7,4.9,1.4,2.1,8.7,8.5,5.9,5.4,3.5,7.1,12.1,10.3,12.6,11.4,3.5,2.2,8.4,1.9,6.5,10,7,2.9,6.6,10.2,13.7,6.1,13.8,15.4,15.4,7.9,9.6,11,7.3,8.4,4.2,7.5,1.6,-2.1,-1.5,-3.9,0.1,-2.5,11.1,1.9,-2.4,-1.3,5.2,0.2,2.3,3.9,-0.5,-0.6,5.2,1,0.9,0.4,3.8
Núcleo,1.7,1.4,2,2.3,1.8,1.4,1.5,1.5,1.5,1.6,1.2,1.3,1.2,2.6,2.5,2.4,2.3,4.2,3.6,3,8.4,4.8,3.7,2.8,3.5,3.5,5,3.4,3.1,2.7,2.5,4.7,6.4,4.3,4.7,3.3,3.1,2.6,2.9,1.4,1.4,2,2.5,3.1,2.9,3.4,3.7,5.6,4.1,4,4.9,4.7,3.9,3.8,3.4,3,2.5,2.8,3.2,4.9,3.7,5.2,6.7,6.2,5.7,4.8,6.9,6.2,5.4,4.7,4.9,4.9,5.5,8.3,8.3,7.5,7.1,5.9,6.4,13.7,14.7,8.1,12.5,28.3,21.7,12.9,8.8,5.9,3.1,3.1,4.3,3.9,2.9,2.7,2.3,3.3,2.3,3.3,2.8,3.2,2.2,1.5,1.4,2.2,1.9,1.8,2.8,3.4,2.5,3.1,3.2,1.7,1.5
Regulados,2.2,3,4.9,5.8,0.8,0.7,2,1.3,0.7,1.9,2.6,10.9,2.8,3.8,1.6,7.2,0.7,1.9,2.6,5.2,4.2,9.2,3.2,2.6,3.1,4.9,3.2,3.4,3.1,2.6,3.5,3.2,3.3,2.2,3.3,3.7,1.6,0.8,2.6,-0.5,0,0.6,0.9,1.2,2.8,2,1.8,2.6,5.8,4.7,4.3,3,3.5,3.5,0.9,-0.8,2,3.1,1.3,1.4,2.7,4.3,7.7,4.6,4.5,6.1,6,4.8,4,6.9,6.2,7.5,8,4.5,7.3,4.2,9.2,4.7,5.9,8.3,9.2,5,13.3,23.2,30.1,19.9,11.4,15.8,6.8,10.1,6,4.9,4.2,3.1,3.6,2.3,1.6,2.9,2.5,2.1,1.5,0.3,2,2.7,2.9,3.3,4.3,3,3.6,5.4,4.2,4.2,3.1
,,,,,,,,,,,,,,,,,,,,,,,,,,,,,,,,,,,,,,,,,,,,,,,,,,,,,,,,,,,,,,,,,,,,,,,,,,,,,,,,,,,,,,,,,,,,,,,,,,,,,,,,,,,,,,,,,
Bienes y servicios,,,,,,,,,,,,,,,,,,,,,,,,,,,,,,,,,,,,,,,,,,,,,,,,,,,,,,,,,,,,,,,,,,,,,,,,,,,,,,,,,,,,,,,,,,,,,,,,,,,,,,,,,,,,,,,,,
Bienes,1.4,1.1,2.1,2.6,1.6,1,1.1,1.3,1.8,1.9,1.3,1.4,0.9,2.2,2,2.6,2.4,4.5,4.2,3.1,8.7,5.9,4,2.1,2.5,3.6,5.1,3.8,3.1,2.7,2.2,4.7,6.9,3.9,5.6,3.3,2.8,2.5,3.1,2,1.6,2.9,2.6,3.1,4.3,4.2,3.3,4.5,4.5,4.2,4.4,5,4,3.7,3.5,2.2,3,2.8,2.7,4.2,3.6,5.8,7.1,6.2,5.7,5.3,7.2,6.7,6.7,5.9,4.6,4.7,5.5,6.9,7.9,7.9,7.2,5.2,6.2,13,15,7.5,13.2,29.2,23.4,11.8,8.9,5.6,3.4,3.4,3.2,3.9,2.6,1.5,1.2,1.8,1.4,2.3,3.4,2.8,1,0.6,1.4,1.9,2,2.3,2.4,2.9,2.5,2.7,3.3,2.1,1.8
Servicios,2.5,2.6,3.6,5.2,2,1,2.1,1.4,1.6,1.3,2.2,7.8,2.7,3.5,2.4,4.9,0.6,1.8,2.4,4,2.8,6.1,2.8,3.5,4,4.2,2.9,2.4,2.4,2.5,4.3,3.7,3.5,3.3,1.9,3.2,1.7,1.8,3.1,-0.4,0.8,0.8,1.4,1.5,1.6,2.3,2.6,3.7,4.5,3.7,4.1,1.7,2.5,3.1,2.2,0.5,2.3,3.9,2.4,3.1,5.6,4.2,5.8,4.7,3.8,5.3,7.7,5.7,3.8,6.2,6.1,6,9,6,7.6,4.9,8.5,5.5,6.6,10.1,9.3,7.1,11.3,13.6,17.8,21.1,11.1,18,7.4,10.5,9,6.3,4.2,4.5,4.9,3.7,3.4,3.7,3.7,3.1,3.1,1.8,3,2.7,2.6,2.5,3.7,3.1,4.2,5,3.1,2.2,2.6
,,,,,,,,,,,,,,,,,,,,,,,,,,,,,,,,,,,,,,,,,,,,,,,,,,,,,,,,,,,,,,,,,,,,,,,,,,,,,,,,,,,,,,,,,,,,,,,,,,,,,,,,,,,,,,,,,
,,,,,,,,,,,,,,,,,,,,,,,,,,,,,,,,,,,,,,,,,,,,,,,,,,,,,,,,,,,,,,,,,,,,,,,,,,,,,,,,,,,,,,,,,,,,,,,,,,,,,,,,,,,,,,,,,
,,,,,,,,,,,,,,,,,,,,,,,,,,,,,,,,,,,,,,,,,,,,,,,,,,,,,,,,,,,,,,,,,,,,,,,,,,,,,,,,,,,,,,,,,,,,,,,,,,,,,,,,,,,,,,,,,
,,,,,,,,,,,,,,,,,,,,,,,,,,,,,,,,,,,,,,,,,,,,,,,,,,,,,,,,,,,,,,,,,,,,,,,,,,,,,,,,,,,,,,,,,,,,,,,,,,,,,,,,,,,,,,,,,
Región Patagonia,2017-01-01 00:00:00,2017-02-01 00:00:00,2017-03-01 00:00:00,2017-04-01 00:00:00,2017-05-01 00:00:00,2017-06-01 00:00:00,2017-07-01 00:00:00,2017-08-01 00:00:00,2017-09-01 00:00:00,2017-10-01 00:00:00,2017-11-01 00:00:00,2017-12-01 00:00:00,2018-01-01 00:00:00,2018-02-01 00:00:00,2018-03-01 00:00:00,2018-04-01 00:00:00,2018-05-01 00:00:00,2018-06-01 00:00:00,2018-07-01 00:00:00,2018-08-01 00:00:00,2018-09-01 00:00:00,2018-10-01 00:00:00,2018-11-01 00:00:00,2018-12-01 00:00:00,2019-01-01 00:00:00,2019-02-01 00:00:00,2019-03-01 00:00:00,2019-04-01 00:00:00,2019-05-01 00:00:00,2019-06-01 00:00:00,2019-07-01 00:00:00,2019-08-01 00:00:00,2019-09-01 00:00:00,2019-10-01 00:00:00,2019-11-01 00:00:00,2019-12-01 00:00:00,2020-01-01 00:00:00,2020-02-01 00:00:00,2020-03-01 00:00:00,2020-04-01 00:00:00,2020-05-01 00:00:00,2020-06-01 00:00:00,2020-07-01 00:00:00,2020-08-01 00:00:00,2020-09-01 00:00:00,2020-10-01 00:00:00,2020-11-01 00:00:00,2020-12-01 00:00:00,2021-01-01 00:00:00,2021-02-01 00:00:00,2021-03-01 00:00:00,2021-04-01 00:00:00,2021-05-01 00:00:00,2021-06-01 00:00:00,2021-07-01 00:00:00,2021-08-01 00:00:00,2021-09-01 00:00:00,2021-10-01 00:00:00,2021-11-01 00:00:00,2021-12-01 00:00:00,2022-01-01 00:00:00,2022-02-01 00:00:00,2022-03-01 00:00:00,2022-04-01 00:00:00,2022-05-01 00:00:00,2022-06-01 00:00:00,2022-07-01 00:00:00,2022-08-01 00:00:00,2022-09-01 00:00:00,2022-10-01 00:00:00,2022-11-01 00:00:00,2022-12-01 00:00:00,2023-01-01 00:00:00,2023-02-01 00:00:00,2023-03-01 00:00:00,2023-04-01 00:00:00,2023-05-01 00:00:00,2023-06-01 00:00:00,2023-07-01 00:00:00,2023-08-01 00:00:00,2023-09-01 00:00:00,2023-10-01 00:00:00,2023-11-01 00:00:00,2023-12-01 00:00:00,2024-01-01 00:00:00,2024-02-01 00:00:00,2024-03-01 00:00:00,2024-04-01 00:00:00,2024-05-01 00:00:00,2024-06-01 00:00:00,2024-07-01 00:00:00,2024-08-01 00:00:00,2024-09-01 00:00:00,2024-10-01 00:00:00,2024-11-01 00:00:00,2024-12-01 00:00:00,2025-01-01 00:00:00,2025-02-01 00:00:00,2025-03-01 00:00:00,2025-04-01 00:00:00,2025-05-01 00:00:00,2025-06-01 00:00:00,2025-07-01 00:00:00,2025-08-01 00:00:00,2025-09-01 00:00:00,2025-10-01 00:00:00,2025-11-01 00:00:00,2025-12-01 00:00:00,2026-01-01 00:00:00,2026-02-01 00:00:00,2026-03-26 00:00:00,2026-04-26 00:00:00,2026-05-01 00:00:00
,,,,,,,,,,,,,,,,,,,,,,,,,,,,,,,,,,,,,,,,,,,,,,,,,,,,,,,,,,,,,,,,,,,,,,,,,,,,,,,,,,,,,,,,,,,,,,,,,,,,,,,,,,,,,,,,,
Nivel general y divisiones COICOP,,,,,,,,,,,,,,,,,,,,,,,,,,,,,,,,,,,,,,,,,,,,,,,,,,,,,,,,,,,,,,,,,,,,,,,,,,,,,,,,,,,,,,,,,,,,,,,,,,,,,,,,,,,,,,,,,
,,,,,,,,,,,,,,,,,,,,,,,,,,,,,,,,,,,,,,,,,,,,,,,,,,,,,,,,,,,,,,,,,,,,,,,,,,,,,,,,,,,,,,,,,,,,,,,,,,,,,,,,,,,,,,,,,
Nivel General,2.6,1.7,2.1,2,1.7,1.1,1.5,1.7,1.3,1.6,1.5,2.5,2.6,2,3.1,2.7,2,3.3,3.2,3.6,6.6,5.8,4.2,2.6,3,3,4.3,3.5,3.4,2.8,2.5,4.2,5.3,3.2,4.5,4.2,2.5,1.8,2.6,0.6,1.6,1.9,2.7,2.9,2.3,3.5,2.9,3,4.1,3.9,4.1,4.8,3.5,3.4,3.3,3.4,3.7,2.9,2.2,3.1,3.6,4.8,7.4,5.9,4.9,5.1,8,6.4,6.1,6.6,4.9,4.5,5.9,5.8,7,8.1,7.3,6.8,7.8,12.1,14,8.2,12,24.3,24.2,11.3,10.5,8.5,4.5,5,4.2,4.6,3.7,3.2,3.3,2.6,2.5,3.2,3.3,2.7,1.5,1.8,2.1,2,2.4,2.4,2.3,2.6,2.9,3,2.5,2.6,1.7
Alimentos y bebidas no alcohólicas,0.9,1.3,1.7,1.4,2,0.3,0.7,1.7,1.6,1.7,1.4,1,1.4,2,2.1,2.4,2.6,4.5,4,4.4,6.8,5.8,5,2.1,2.6,3.6,6.2,3.8,3.1,2.9,2.3,4.1,5.3,3.1,5.5,3.9,3.7,2.7,3.1,0.4,1.5,1.1,2,3.5,2.6,4.7,3.1,3,3.5,4.5,4.1,4.3,3.1,3.2,4.1,3.4,3.3,2.9,1.8,3,3.7,6,9.2,6.7,4.6,4.6,7.3,6.8,6.7,7.2,3.9,3.4,5.5,8.1,8.4,9.8,6.7,5.7,7.1,13.8,17.5,7.4,13.6,28,27.5,9.7,10.3,5.5,4.1,4.5,3.7,4.8,3.1,1.7,2.7,1.9,2.2,4.4,3,3.1,0.8,0.9,1.3,1.2,1.9,1.5,2.1,3,3.4,2.5,3.2,1.8,2
Bebidas alcohólicas y tabaco,1.2,4.1,1.1,2.9,1.9,1.1,2.5,1.2,0.3,2.4,1,0.6,2.2,1.6,0.8,1.6,2.1,0.7,2.9,1.5,4.2,1.6,5.1,1.5,3.6,2.3,4.4,1,2.2,2.8,0.7,4.8,6.2,6.3,5.7,3.1,4.6,1.5,3.2,1.8,-0.2,3.8,1.4,1.1,4.1,0.6,3.7,4.1,4.3,3.9,6,3.1,1.6,5,2.6,1.6,5.8,2.1,0.8,4.8,1.7,2.5,6.8,2.3,5.3,6.9,5.3,6.8,9.1,5.1,6.5,7.1,7.9,4.7,9,2.7,8.4,4.1,10.4,8.1,12,9.3,10.8,19.9,23.1,19.8,11.5,6.4,6.9,2.6,5.5,3.1,1.9,2.4,4.5,2.3,2.4,2,1,3.1,0.9,2.8,0.4,4.2,1.8,2.6,1.4,2.4,2.2,1.1,1.9,2.3,0.5
Prendas de vestir y calzado,0.9,1.4,2.4,0.9,1.1,1.3,-0.2,2,0,1.1,1.6,1.3,-0.3,0.9,3.5,4.2,0.9,1.4,-0.5,1.8,4.5,4.3,4.3,2,2,1.2,5.1,4.7,4.1,1.9,3.4,3.4,6.6,3.7,4.2,3.7,2.5,2.1,1.5,0.6,3.4,6.5,6,2.4,3,4.5,4.8,1.9,1.6,3.5,6.2,9.1,5.6,3.3,3.7,3,5.1,3.9,2.9,4,3.3,5.3,8.8,9.2,6.3,7,11.7,7.6,8,5.9,5.2,4.2,3.9,5.1,7.8,9.7,6.4,5.6,5.9,9.7,14.2,10.3,10.3,16.7,12.1,9.2,13,6.7,5.1,3.1,3.2,3,4,5.2,2.2,2.7,1.2,0.2,3.9,3.1,1.8,1.5,1.1,0.3,0.9,2.1,-0.5,0.9,1.3,1.4,1.2,1.7,1.9
"Vivienda, agua, electricidad, gas y otros combustibles",10.3,1.5,3,3.4,3.2,1.3,2.3,2.8,1.5,2.5,0.8,8.2,9.7,0.6,4.8,5.5,0,0.4,1.9,2.6,6.1,9.8,4.8,1.7,5.3,5.8,1.3,1.1,4.4,2.8,2.3,2,2.3,1.2,3,1.4,1.9,0,1.2,0.2,0,1.9,1.1,1.4,1.5,2.6,2.4,2.2,1.4,1.5,1.9,5.2,1.5,1.3,3,3.8,3.1,2,1.8,1.9,4.4,2.9,9,5.4,2.4,5,5.5,3.2,2.7,6.9,6.2,4.3,8.1,3.8,4.3,6.7,7.5,13.7,5.8,7.5,12.7,6.5,8,11.4,18.2,14.7,10.4,39.3,2.1,15,7.1,8.1,6.4,7.5,8.1,5,4,7.2,4.7,2.9,3.5,3.9,2.3,2.8,3.7,4.6,4.7,2.8,4.4,9.3,2.1,3.2,0.5
Equipamiento y mantenimiento del hogar,1.1,0.2,1,1.3,2.1,1.9,1.8,0.9,0.5,0.7,0.7,2.7,1.3,1.6,4.5,2.5,2.3,4.6,4.5,4.6,8.2,4.6,4.8,2.4,2.7,3.1,2.5,4.6,3.9,3.7,2.8,6.9,5.9,6.3,2.4,4.7,0,1.6,4.3,0.2,2,2.3,5.7,4.5,1.8,4,4,3.7,3.9,4.1,2,4.8,2.2,3.4,3,3.7,3.3,3.5,3.1,3.4,2.5,3.7,3.9,4.2,4.8,5,11.2,7.2,6.4,6.3,5.4,4,6.2,5,4.3,8.7,8.6,7.3,9.4,14.5,14.5,10,14.3,28.4,26,10.6,3.2,8.1,2.6,2.3,3.6,4.5,3,2.5,1,1.9,1.7,1.6,1.9,1.3,0.2,3.1,1.2,0.6,1.8,1.8,2,1,2,2,0.1,3.2,1.3
Salud,4.7,2.2,1.6,1.8,1.7,1.7,2.4,1.9,3.3,0.9,1.5,1.3,1.6,1.7,2.3,2.4,3,3.9,2.2,3,4.6,4.5,7.9,6,3.1,2.5,3.3,3.3,4.5,4.6,3.9,6.5,7.2,3.9,6.6,5.6,-0.9,0.6,2.7,2.1,2,1.8,2.1,2.2,4.1,3.5,2.8,3.4,3.2,4.7,3.6,4.5,4.2,2.7,3.9,4,3.5,3.8,3.4,0.5,3.4,4.4,4.9,5.7,6.4,6.5,5.8,6.2,4.8,6.6,4.3,5.7,4.5,5.1,6.2,5.5,10.3,8.2,9.6,14.6,11,5.5,13.9,32,22.1,12.4,10.8,8.6,2.5,5.4,5.4,3.2,4.4,5.7,2.8,1.4,3.1,2.2,2.7,2.5,2.5,1.8,2,2.3,2.6,1.5,2.6,1.7,2.7,3.6,2.6,2.3,2.3
Transporte,2.5,1.9,1.8,1.2,0.5,0.8,3,1.6,1.3,1.5,3.5,4.8,2.2,3.7,1.5,2.5,2.9,5.7,6.3,5.2,11.9,7.9,2.2,2.5,1.2,2.5,3.6,4.5,3.2,1.5,2.1,5.6,4.8,3.7,4.5,7.4,2.4,1.8,1,1.3,0.6,2,1.4,3.5,3.7,3.3,3.1,5.5,7.5,4.3,3.8,5.2,5.8,5,2.4,4.1,2.9,3.1,3.1,3.8,3.5,5.4,4.9,4.6,5.6,4.7,7,5.7,5.4,5.1,5.8,5.1,5.8,4.9,4.6,7.2,6,6.1,9.6,12.4,9.5,8.6,11.3,30.4,30.1,11.2,11.5,3.6,4.9,4.1,2.2,3.7,4.1,0.9,3.2,2,2,1.2,1.4,1.6,0.1,1.6,4.6,3.8,4.6,3.8,3.1,4.3,2.7,1.2,3.1,4.7,1.3
Comunicación,1.7,4,2,6.9,0.1,0.8,0.6,1.7,0.8,6.1,0.9,0.2,0.5,8.1,2.6,0,2.8,1,0.9,9.3,0.5,1.3,2.3,8.1,6.7,0.7,5.2,3.9,2.9,6.5,1.5,0.7,6.4,1.4,9,8.2,0.9,0.7,8.4,-4.3,0.1,0.6,0.1,0,0.4,0.3,-0.2,0.5,15.9,2.8,0.7,-0.3,1.6,8.8,0.2,0.2,3.7,0.2,0.2,2.2,6.3,0.6,2.6,3.6,4,0.5,5.9,5.6,3.4,10.5,6.4,3.6,9.3,4,1.8,5.3,7.8,6.2,12.3,4.6,9.1,11.1,13.3,14.6,23.6,24.2,13,13.8,10.4,4.4,6.1,5.3,4.8,2.6,2.4,5,2,2.9,2.9,3.2,2.9,2.1,2.3,2.2,2.3,2,3,3,3.7,1.4,2.7,3.4,3.6
Recreación y cultura,1,1.6,2.4,3.7,3.3,2.4,2.5,1.2,1.4,1.1,0.8,0.6,3.7,1.5,2.1,1.1,2.9,4.4,4.9,1.7,5.5,4.8,2.7,2.3,4.1,1.1,2.1,5.2,3.3,3.5,3.2,4.9,6.7,1.8,3.5,2.2,3.3,2.6,1.3,2.6,5.8,-0.8,6.3,5.3,-0.2,3,1.3,1.9,4.7,4.2,3.6,3.3,2.2,2.8,3.6,3.4,5.7,1.6,1.1,3.2,3,4,4.3,4,5.2,4,9.7,7.4,6.5,6.8,3.6,6,7.1,4.6,6.8,7.1,10.1,7.7,8.9,16.9,15.8,8.1,12,22.8,18.7,8.3,6.2,8,6.6,2.1,5.6,3.5,3.1,3,3.1,2.3,2.6,1.6,1.8,1.4,1.8,1.5,2.9,1.2,1.1,1.2,1.7,1.9,2.4,1.2,1.9,1.1,2.5
Educación,7,-0.3,15.6,0.3,0.2,0.2,0.7,1,2.1,0.3,0,0,0.2,2.4,18.9,-0.1,0.7,0.1,1.3,0.6,1.1,0.4,0.3,0,3.3,0.9,22,0.2,0,0,2.3,3.5,1.5,0.6,0.2,0.1,0,3.2,16.4,0,-0.5,-1.5,0.1,0,-0.7,-0.1,0.2,-0.3,1.3,0,24.2,0,2.4,0.7,2.5,1.7,1.3,1.1,0.5,0,0.3,2.3,42.9,1.8,1.8,0.9,4.8,4.9,2.2,3.6,0.7,1.7,0.3,2.7,46.9,2.6,3.9,2.7,3.7,10.9,3.9,3.9,2.2,3.7,0.5,8.2,64,12.3,9.1,7.5,4.4,11.8,5.6,4,4.7,1.4,0.4,9.1,30.6,2.8,4.7,1.4,2.1,7.6,1.7,2.1,2,1,-0.1,4,10,2.5,3
Restaurantes y hoteles,2.3,3.3,-0.2,2.1,0.3,1,2.7,1.3,1.1,1.9,1.3,2.6,3,2.2,4.1,2.1,1.5,2.2,1.9,2.8,4.5,3.8,2.8,3.6,3.5,3.2,3.4,3,2.7,2.4,3.3,3.8,3.9,3.6,3.4,3.4,4.7,0.7,1.6,0.6,1.6,1.9,2.7,1.8,0.5,2.1,2.2,2.5,3.9,5.2,4.8,3.8,3.7,3.2,4.9,3.8,4.6,3.3,2.1,4.7,6.1,7.5,6.4,7.9,3.6,7,10.3,6.5,7.3,7.7,5.9,7.4,8.3,6.7,5.7,8.9,8.1,7.3,7.1,11.1,16.4,8.4,11.6,20.3,19.4,10.9,11,7.1,6.9,7.7,6.4,6.7,2.9,6.2,4.1,5.5,6.2,4.5,5.1,4.7,2,2.9,2.6,1.8,2,1.9,2.1,1.9,2.8,2.4,1.9,2.7,1.5
Bienes y servicios varios,2.5,1.8,2,2.3,0.9,1.9,0.7,2,1.8,0.4,1.1,1.8,1.9,1.7,1.8,1.7,2,4.1,2.9,4.6,7.1,6.9,6.4,5.4,3.3,4.2,2.7,3.2,3.7,2.4,2.3,4.1,8.7,4.3,5.6,3.7,2.9,1.6,1.6,-0.6,0.6,1.3,1.5,2.2,0.9,1.7,1.8,2.2,1.4,2.6,2,3.5,1.9,3,2.8,3.7,3.7,2.9,1.9,2.2,3.2,4,6.9,5.4,4.8,5.2,7.3,8.4,5.9,10.5,5,5.1,6.3,4.7,5.8,6.5,5.8,6.7,8.6,9.2,10.4,8.4,12.4,28.2,57,22,9.2,7.3,3.3,3.7,3.6,2.6,2.6,3.1,1.4,2.7,1.9,3.2,2.2,2.1,2.6,0,2.2,1.7,2.3,2.9,2.5,2.1,2.5,2.5,1.4,2.3,1.9
,,,,,,,,,,,,,,,,,,,,,,,,,,,,,,,,,,,,,,,,,,,,,,,,,,,,,,,,,,,,,,,,,,,,,,,,,,,,,,,,,,,,,,,,,,,,,,,,,,,,,,,,,,,,,,,,,
Categorías ,,,,,,,,,,,,,,,,,,,,,,,,,,,,,,,,,,,,,,,,,,,,,,,,,,,,,,,,,,,,,,,,,,,,,,,,,,,,,,,,,,,,,,,,,,,,,,,,,,,,,,,,,,,,,,,,,
Estacional,0.7,0.5,1.3,2.6,2,0.2,0.4,0.8,1,2.1,1.6,2,1,0.3,1.2,3,1.5,2.9,2.5,2.4,3.3,5.3,5.3,1.1,0.7,1.1,3.6,3,2.9,2.3,3.4,4.7,6.8,2.9,6.2,3.5,2.7,2.2,0.6,3.3,4,6.2,5.1,3.3,4.2,7.3,4.7,0.5,3.4,5.6,3.2,3.9,4.8,1.8,4.7,2.4,5.3,4.6,3,2.7,4,7.1,8.2,7.1,5.6,6,11.1,8.2,10.1,7.4,5.5,3.8,6,4.2,8.1,11.1,7.2,5.7,6.9,10.3,15.7,8.3,11.7,15.8,15.9,8.2,11.5,8.9,5.6,6.8,4.6,4.7,3.3,2.4,2.5,-1.8,-0.6,-0.5,3.4,4.9,1.4,-0.6,1.9,0.8,2.1,2,0.9,0,2.9,1.4,0.5,0.4,2.9
Núcleo,1.8,1.7,1.7,1.7,2,1.3,1.4,1.7,1.4,1.2,1.3,1.3,1.8,1.9,3.2,2.3,2.4,4,3.4,3.4,6.7,5.1,4.1,3,3.2,3,4.5,3.9,3.2,2.8,2.4,5.1,5.7,3.7,4,3.9,2.9,2.2,2.9,0.6,1.8,1.5,3.1,3.5,1.9,3.2,2.9,3.6,3.9,4,4.3,5.1,3.3,3.6,3.8,3.9,3.9,3.1,2.4,3.5,3.8,4.6,7.1,6.1,4.8,5,7.9,6.6,5.6,6.5,4.4,4.3,5.5,6.7,6.6,8.3,7.2,6.5,7.8,13.6,14.8,8.8,12.2,26.5,24.5,11.5,9.2,5.8,3.9,3.4,3.7,4.3,3.2,3.4,3.1,2.9,3.1,3.5,3,2.7,1.6,2,2.1,1.8,2.2,2.2,1.9,2.6,2.8,2.3,2.3,2.5,2
Regulados,6.2,2.5,4.1,2.7,0.5,0.9,2.7,2.3,1.1,2.7,2,6.5,5.5,3.3,3.7,3.9,1.2,1.5,3,5,7.6,8.1,4.1,2.4,3.7,3.7,4,2.9,4.3,3,2.6,1.6,3.4,2,5.5,5.1,1.3,0.4,2.5,-0.6,0,1.1,0.4,0.9,2.3,2.2,2,2.5,5.3,2.3,3.8,4,3.6,4,1.3,2.2,2.2,0.9,0.8,1.7,2.6,4.4,8.3,4.4,4.6,4.6,6.4,4.4,5.1,6.5,6.3,6,7.3,3.6,7.5,4.9,7.4,8.8,8.5,8,9.3,5.4,11.1,22.3,29.7,12.9,15,18.8,6.2,9.4,5.4,5.6,5.7,3.1,4.3,4.3,2.4,4.1,4.4,1.4,1.3,2.5,2.3,3.1,3.2,3.4,4.3,3.5,3,5.6,3.9,3.7,0.5
,,,,,,,,,,,,,,,,,,,,,,,,,,,,,,,,,,,,,,,,,,,,,,,,,,,,,,,,,,,,,,,,,,,,,,,,,,,,,,,,,,,,,,,,,,,,,,,,,,,,,,,,,,,,,,,,,
Bienes y servicios,,,,,,,,,,,,,,,,,,,,,,,,,,,,,,,,,,,,,,,,,,,,,,,,,,,,,,,,,,,,,,,,,,,,,,,,,,,,,,,,,,,,,,,,,,,,,,,,,,,,,,,,,,,,,,,,,
Bienes,1.3,1.5,1.5,1.7,1.7,0.9,1.2,1.6,1.1,1.5,1.7,1.5,1.4,1.9,2.4,2.7,2.4,4.3,4,3.8,7.9,5.9,4.5,2.4,2.4,2.6,4.6,4.1,3.6,2.6,2.5,5.1,6.2,3.7,5.2,4.2,2.8,2,2.5,1,1.8,2.4,3.4,3.6,2.7,4,3.4,3.3,4.1,4.3,4.3,5.3,3.8,3.7,3.4,3.3,3.8,3,2.3,3.2,3.5,5,7.4,6.3,5.3,5.2,8.4,6.9,6.5,6.5,4.8,4.5,5.4,6,7.1,8.8,7.2,6.2,7.7,13.3,14.7,8.5,12.6,27.5,25.3,10.9,9.4,5.6,4,3.6,3.4,3.8,3,2.4,2.4,1.9,1.7,2.5,2.6,2.6,0.9,1.3,1.8,1.7,2.1,2.2,1.7,2.6,2.4,1.9,2.3,2.6,1.8
Servicios,5.7,2.2,3.6,2.7,1.8,1.4,2.3,1.9,1.8,2,1,4.8,5,2.4,4.7,2.8,1.1,1.2,1.6,3.4,3.6,5.6,3.4,3.1,4.5,4,3.7,2.2,2.9,3.1,2.5,2.1,3,2.2,3,4.2,1.7,1.1,2.8,-0.4,1.2,0.7,1.1,1.1,1,1.9,1.4,2.3,4.2,2.6,3.3,3.1,2.5,2.7,3.3,3.6,3.6,2.4,1.8,2.6,4,4.4,7.7,4.5,3.3,4.7,6.9,4.8,4.7,6.8,5.3,4.8,7.7,4.8,6.6,5.8,7.6,8.8,8.2,8,11.4,6.9,9.4,11.8,19.3,13.2,15.5,20.6,6.6,9.9,6.9,7.5,6,6,6.1,4.8,4.9,5.2,5.2,2.8,3,3.1,3.1,2.7,3,2.8,3.8,2.4,4.1,5.6,2.8,2.7,1.4
,,,,,,,,,,,,,,,,,,,,,,,,,,,,,,,,,,,,,,,,,,,,,,,,,,,,,,,,,,,,,,,,,,,,,,,,,,,,,,,,,,,,,,,,,,,,,,,,,,,,,,,,,,,,,,,,,
"Nota: a partir del mes de junio de 2017, el INDEC adoptó el Clasificador del Consumo Individual por Finalidad (COICOP, por sus siglas en inglés) de Naciones Unidas, 1999. Las variaciones porcentuales corresponden a las publicadas en el informe técnico. Por tal motivo, pueden existir pequeñas discrepancias con las variaciones calculadas a partir de los índices que están redondeados a 4 decimales.",,,,,,,,,,,,,,,,,,,,,,,,,,,,,,,,,,,,,,,,,,,,,,,,,,,,,,,,,,,,,,,,,,,,,,,,,,,,,,,,,,,,,,,,,,,,,,,,,,,,,,,,,,,,,,,,,
,,,,,,,,,,,,,,,,,,,,,,,,,,,,,,,,,,,,,,,,,,,,,,,,,,,,,,,,,,,,,,,,,,,,,,,,,,,,,,,,,,,,,,,,,,,,,,,,,,,,,,,,,,,,,,,,,
,,,,,,,,,,,,,,,,,,,,,,,,,,,,,,,,,,,,,,,,,,,,,,,,,,,,,,,,,,,,,,,,,,,,,,,,,,,,,,,,,,,,,,,,,,,,,,,,,,,,,,,,,,,,,,,,,
"Fuente: INDEC, Dirección Nacional de Estadísticas de Precios, Dirección de Índices de Precios de Consumo",,,,,,,,,,,,,,,,,,,,,,,,,,,,,,,,,,,,,,,,,,,,,,,,,,,,,,,,,,,,,,,,,,,,,,,,,,,,,,,,,,,,,,,,,,,,,,,,,,,,,,,,,,,,,,,,,
